ITEM_NAME,VENDOR,BRAND,VENDOR_CODE,UNIT_TYPE,SUBUNIT,SUBUNIT_SIZE,UNIT_PRICE,LAST_UPDATE,ACCOUNT,FLAG
"CUKES, ENGLISH",STAN SETAS,,2905,CASE,,,$24.95 ,9/11/2025,KITCHEN,
ACORN SQUASH,STAN SETAS,,4626,EACH,,,$2.65 ,9/5/2025,KITCHEN,
"APPLES, FUJI 72'S",STAN SETAS,,170,CASE,,,$58.50 ,9/17/2025,KITCHEN,
"APPLES, GRANNY SMITH 72'S",STAN SETAS,,235,EACH,,,$0.80 ,9/11/2025,KITCHEN,
"APPLES, GRANNY SMITH 72'S",STAN SETAS,,235,EACH,,, $-   ,9/12/2025,KITCHEN,
"ASPARAGUS, 11-LBS., LARGE",STAN SETAS,,2410,CASE,,,$54.50 ,9/11/2025,KITCHEN,
"ASPARAGUS, 11-LBS., LARGE",STAN SETAS,,2410,CASE,,, $-   ,9/11/2025,KITCHEN,
"ASPARAGUS, 11-LBS., LARGE",STAN SETAS,,2410,CASE,,,$54.50 ,9/12/2025,KITCHEN,
"ASPARAGUS, 11-LBS., LARGE",STAN SETAS,,2410,CASE,,,$54.50 ,9/17/2025,KITCHEN,
BABY ARTISAN LETTUCE CLAMSHELL,STAN SETAS,,0,CASE,,,$42.50 ,9/11/2025,KITCHEN,
BABY ARTISAN LETTUCE CLAMSHELL,STAN SETAS,,0,CASE,,, $-   ,9/11/2025,KITCHEN,
"BABY DILL, DOMESTIC 1-LB.",STAN SETAS,,0,CASE,,,$9.75 ,9/13/2025,KITCHEN,
BABY RAINBOW CARROTS W/TOPS,STAN SETAS,,0,CASE,,,$29.75 ,9/9/2025,KITCHEN,
BABY RAINBOW CARROTS W/TOPS,STAN SETAS,,0,CASE,,,$29.80 ,9/12/2025,KITCHEN,
"BANANAS, 10-LB. CHIQUITA",STAN SETAS,,586,CASE,,,$9.75 ,9/9/2025,KITCHEN,
"BANANAS, 10-LB. CHIQUITA",STAN SETAS,,586,CASE,,,$9.75 ,9/12/2025,KITCHEN,
"BANANAS, 10-LB. CHIQUITA",STAN SETAS,,586,CASE,,,$9.75 ,9/4/2025,KITCHEN,
"BASIL, DOMESTIC 1-LB.",STAN SETAS,,5035,CASE,,,$8.75 ,9/16/2025,KITCHEN,
"BASIL, DOMESTIC 1-LB.",STAN SETAS,,5035,CASE,,,$8.75 ,9/6/2025,KITCHEN,
"BEANS, GREEN TRIMMED 2/5#",STAN SETAS,,2490,CASE,,,$36.50 ,9/9/2025,KITCHEN,
"BEANS, GREEN TRIMMED 2/5#",STAN SETAS,,2490,CASE,,,$36.50 ,9/3/2025,KITCHEN,
"BEANS, GREEN TRIMMED 2/5#",STAN SETAS,,2490,CASE,,,$36.50 ,9/4/2025,KITCHEN,
"BLACKBERRIES, DRISCOL 6/12OZ.",STAN SETAS,,0,CASE,,,$38.50 ,9/12/2025,KITCHEN,
"BLACKBERRIES, DRISCOLL 12/20OZ",STAN SETAS,,0,CASE,,,$22.75 ,9/10/2025,KITCHEN,
"BLACKBERRIES, DRISCOLL, 12/6OZ",STAN SETAS,,640,CASE,,,$42.50 ,9/16/2025,KITCHEN,
"BLACKBERRIES, DRISCOLL, 12/6OZ",STAN SETAS,,640,CASE,,,$38.50 ,9/6/2025,KITCHEN,
"BLUEBERRIES, DRISCOLL 12/20OZ.",STAN SETAS,,0,CASE,,,$46.50 ,9/14/2025,KITCHEN,
"BLUEBERRIES, PERUVIAN 6/28OZ.",STAN SETAS,,0,CASE,,,$46.50 ,9/9/2025,KITCHEN,
"BLUEBERRIES, PERUVIAN JUMBO",STAN SETAS,,0,CASE,,,$46.50 ,9/16/2025,KITCHEN,
"BROCCOLI CROWNS, 20-LBS.",STAN SETAS,,2530,CASE,,,$36.50 ,9/12/2025,KITCHEN,
"BROCCOLI CROWNS, 20-LBS.",STAN SETAS,,2530,CASE,,,$42.50 ,9/17/2025,KITCHEN,
"BROCCOLI CROWNS, 20-LBS.",STAN SETAS,,2530,CASE,,,$36.50 ,9/4/2025,KITCHEN,
BRUSSEL SPROUTS,STAN SETAS,,5970,LB,,,$2.95 ,9/12/2025,KITCHEN,
BUTTERNUT SQUASH,STAN SETAS,,4625,EACH,,,$2.75 ,9/12/2025,KITCHEN,
BUTTERNUT SQUASH,STAN SETAS,,4625,EACH,,,$2.95 ,9/16/2025,KITCHEN,
"CANTALOUPES, 9'S",STAN SETAS,,1205,CASE,,,$36.50 ,9/11/2025,KITCHEN,
"CANTALOUPES, 9'S",STAN SETAS,,1205,EACH,,,$4.75 ,9/5/2025,KITCHEN,
"CARROTS, BABY PEELED W/ TOPS",STAN SETAS,,2695,CASE,,,$29.80 ,9/11/2025,KITCHEN,
"CARROTS, LOOSE 25#",STAN SETAS,,2670,LB,,,$1.25 ,9/3/2025,KITCHEN,
"CAULIFLOWER, CELLO, 12'S",STAN SETAS,,2740,EACH,,,$2.95 ,9/11/2025,KITCHEN,
"CAULIFLOWER, CELLO, 12'S",STAN SETAS,,2740,EACH,,,$2.95 ,9/12/2025,KITCHEN,
"CAULIFLOWER, CELLO, 12'S",STAN SETAS,,2740,EACH,,,$3.75 ,9/16/2025,KITCHEN,
"CAULIFLOWER, CELLO, 12'S",STAN SETAS,,2740,EACH,,,$3.75 ,9/17/2025,KITCHEN,
"CAULIFLOWER, CELLO, 12'S",STAN SETAS,,2740,EACH,,,$3.75 ,9/3/2025,KITCHEN,
"CHIVES, DOMESTIC 1-LB.",STAN SETAS,,5060,CASE,,,$12.75 ,9/10/2025,KITCHEN,
"CHIVES, DOMESTIC 1-LB.",STAN SETAS,,5060,CASE,,,$12.75 ,9/3/2025,KITCHEN,
CILANTRO 30CT.,STAN SETAS,,5080,EACH,,,$2.25 ,9/11/2025,KITCHEN,
CILANTRO 30CT.,STAN SETAS,,5080,EACH,,,$2.25 ,9/12/2025,KITCHEN,
CILANTRO 30CT.,STAN SETAS,,5080,EACH,,,$2.25 ,9/17/2025,KITCHEN,
CILANTRO 30CT.,STAN SETAS,,5080,EACH,,,$2.25 ,9/6/2025,KITCHEN,
"CILANTRO, CALIFORNIA 60CT.",STAN SETAS,,5081,EACH,,,$2.25 ,9/10/2025,KITCHEN,
"CORN, COB BICOLOR",STAN SETAS,,2850,EACH,,,$0.75 ,9/6/2025,KITCHEN,
"CUKES, ENGLISH",STAN SETAS,,2905,CASE,,,$24.95 ,9/11/2025,KITCHEN,
"CUKES, ENGLISH",STAN SETAS,,2905,CASE,,,$24.95 ,9/16/2025,KITCHEN,
"CUKES, ENGLISH",STAN SETAS,,2905,CASE,,,$24.95 ,9/3/2025,KITCHEN,
"CUKES, ENGLISH",STAN SETAS,,2905,CASE,,,$24.95 ,9/4/2025,KITCHEN,
"CUKES, ENGLISH",STAN SETAS,,2905,CASE,,,$24.95 ,9/5/2025,KITCHEN,
"GREEN ONIONS, ICELESS 4/2-LB.",STAN SETAS,,4330,EACH,,,$8.75 ,9/9/2025,KITCHEN,
"GREEN ONIONS, ICELESS 4/2-LB.",STAN SETAS,,4330,EACH,,,$8.75 ,9/17/2025,KITCHEN,
HEIRLOOM MEDLEY GRAPE TOMATOES,STAN SETAS,,4787,CASE,,,$36.50 ,9/17/2025,KITCHEN,
HEIRLOOM MEDLEY GRAPE TOMATOES,STAN SETAS,,4787,CASE,,,$38.50 ,9/3/2025,KITCHEN,
HEIRLOOM MEDLEY GRAPE TOMATOES,STAN SETAS,,4787,CASE,,,$38.50 ,9/6/2025,KITCHEN,
"HERICOT, VERT FRENCH BEANS, 10#",STAN SETAS,,0,CASE,,,$46.50 ,9/11/2025,KITCHEN,
"HONEYDEW MELONS, 6'S",STAN SETAS,,1280,CASE,,,$32.50 ,9/11/2025,KITCHEN,
"HONEYDEW MELONS, 6'S",STAN SETAS,,1280,EACH,,,$5.75 ,9/5/2025,KITCHEN,
"HYDRO BIBB LETTUCE, 12CT CLAMS",STAN SETAS,,5679,CASE,,,$36.50 ,9/11/2025,KITCHEN,
"HYDRO BIBB LETTUCE, 12CT CLAMS",STAN SETAS,,5679,CASE,,,$36.50 ,9/16/2025,KITCHEN,
"HYDRO BIBB LETTUCE, 12CT CLAMS",STAN SETAS,,5679,CASE,,,$36.50 ,9/6/2025,KITCHEN,
LEEKS,STAN SETAS,,3175,EACH,,,$4.75 ,9/10/2025,KITCHEN,
LEEKS,STAN SETAS,,3175,EACH,,,$4.75 ,9/12/2025,KITCHEN,
LEEKS,STAN SETAS,,3175,EACH,,,$4.75 ,9/17/2025,KITCHEN,
"LEMONS, SUNKIST 115'S",STAN SETAS,,1090,CASE,,,$48.50 ,9/17/2025,KITCHEN,
"LIMES, 48'S",STAN SETAS,,1115,CASE,,,$24.95 ,9/11/2025,KITCHEN,
"LIMES, 48'S",STAN SETAS,,1115,CASE,,,$26.95 ,9/14/2025,KITCHEN,
"LIMES, 48'S",STAN SETAS,,1115,CASE,,,$24.95 ,9/17/2025,KITCHEN,
"MANGOS, 10'S",STAN SETAS,,1155,EACH,,,$2.65 ,9/11/2025,KITCHEN,
"MANGOS, 10'S",STAN SETAS,,1155,EACH,,,$2.65 ,9/5/2025,KITCHEN,
"MUSHROOMS, CRIMINI",STAN SETAS,,3450,CASE,,,$24.95 ,9/10/2025,KITCHEN,
"MUSHROOMS, CRIMINI",STAN SETAS,,3450,CASE,,,$24.95 ,9/11/2025,KITCHEN,
"MUSHROOMS, CRIMINI",STAN SETAS,,3450,CASE,,,$26.95 ,9/14/2025,KITCHEN,
"MUSHROOMS, MEDIUM 10#",STAN SETAS,,3415,CASE,,,$29.80 ,9/14/2025,KITCHEN,
"MUSHROOMS, MEDIUM 10#",STAN SETAS,,3415,CASE,,,$29.80 ,9/3/2025,KITCHEN,
"MUSHROOMS, OYSTER",STAN SETAS,,3465,CASE,,,$36.50 ,9/11/2025,KITCHEN,
"MUSHROOMS, OYSTER",STAN SETAS,,3465,CASE,,,$36.50 ,9/11/2025,KITCHEN,
"MUSHROOMS, OYSTER",STAN SETAS,,3465,CASE,,,$36.50 ,9/12/2025,KITCHEN,
"MUSHROOMS, OYSTER",STAN SETAS,,3465,CASE,,,$36.50 ,9/13/2025,KITCHEN,
"MUSHROOMS, OYSTER",STAN SETAS,,3465,CASE,,,$36.50 ,9/14/2025,KITCHEN,
"MUSHROOMS, OYSTER",STAN SETAS,,3465,CASE,,,$36.50 ,9/3/2025,KITCHEN,
"MUSHROOMS, PORTABELLA LARGE",STAN SETAS,,3485,CASE,,,$26.95 ,9/3/2025,KITCHEN,
NAPPA CABBAGE,STAN SETAS,,4965,EACH,,,$4.75 ,9/13/2025,KITCHEN,
"ONIONS, COLOSSAL 50#",STAN SETAS,,3620,CASE,,,$32.50 ,9/4/2025,KITCHEN,
"ONIONS, RED JUMBO 25#",STAN SETAS,,3655,CASE,,,$36.95 ,9/9/2025,KITCHEN,
"ORANGES, SUNKIST 72'S",STAN SETAS,,1665,CASE,,,$42.50 ,9/14/2025,KITCHEN,
"OREGANO, DOMESTIC 1-LB.",STAN SETAS,,5135,CASE,,,$9.75 ,9/3/2025,KITCHEN,
ORGANIC BABY ARUGULA 8/6OZ.,STAN SETAS,,0,CASE,,,$32.50 ,9/4/2025,KITCHEN,
ORGANIC BABY ARUGULA 8/6OZ.,STAN SETAS,,0,CASE,,,$32.50 ,9/6/2025,KITCHEN,
ORGANIC SPRING MIX,STAN SETAS,,5616,CASE,,,$16.75 ,9/10/2025,KITCHEN,
ORGANIC SPRING MIX,STAN SETAS,,5616,CASE,,,$16.75 ,9/11/2025,KITCHEN,
ORGANIC SPRING MIX,STAN SETAS,,5616,CASE,,,$46.75 ,9/16/2025,KITCHEN,
ORGANIC SPRING MIX,STAN SETAS,,5616,CASE,,,$16.75 ,9/17/2025,KITCHEN,
ORGANIC SPRING MIX,STAN SETAS,,5616,CASE,,,$16.75 ,9/3/2025,KITCHEN,
ORGANIC SPRING MIX,STAN SETAS,,5616,CASE,,,$16.75 ,9/4/2025,KITCHEN,
ORGANIC SPRING MIX,STAN SETAS,,5616,CASE,,,$16.75 ,9/5/2025,KITCHEN,
"PARSLEY, ITALIAN",STAN SETAS,,3745,EACH,,,$2.25 ,9/11/2025,KITCHEN,
"PARSLEY, ITALIAN",STAN SETAS,,3745,EACH,,,$2.25 ,9/13/2025,KITCHEN,
"PARSLEY, ITALIAN",STAN SETAS,,3745,EACH,,,$2.25 ,9/16/2025,KITCHEN,
"PARSLEY, ITALIAN",STAN SETAS,,3745,EACH,,,$2.25 ,9/5/2025,KITCHEN,
"PARSLEY, ITALIAN",STAN SETAS,,3745,EACH,,,$2.25 ,9/6/2025,KITCHEN,
"PEARS, D' ANJOU 70'S",STAN SETAS,,1965,EACH,,,$0.80 ,9/3/2025,KITCHEN,
"PEAS, SUGAR SNAP",STAN SETAS,,3805,CASE,,,$46.50 ,9/13/2025,KITCHEN,
"PEAS, SUGAR SNAP",STAN SETAS,,3805,CASE,,,$46.50 ,9/5/2025,KITCHEN,
"PEPPERS, HOLLAND RED",STAN SETAS,,3870,CASE,,,$32.50 ,9/11/2025,KITCHEN,
"PEPPERS, HOLLAND RED",STAN SETAS,,3870,CASE,,,$36.50 ,9/3/2025,KITCHEN,
"PEPPERS, HOLLAND YELLOW",STAN SETAS,,3875,CASE,,,$36.50 ,9/9/2025,KITCHEN,
"PEPPERS, JALAPENO 20-LB.",STAN SETAS,,3890,LB,,,$2.95 ,9/10/2025,KITCHEN,
"PEPPERS, JALAPENO 20-LB.",STAN SETAS,,3890,LB,,,$2.65 ,9/17/2025,KITCHEN,
"PINEAPPLE, GOLDEN RIPE 6'S",STAN SETAS,,2231,CASE,,,$32.50 ,9/10/2025,KITCHEN,
"PINEAPPLE, GOLDEN RIPE 6'S",STAN SETAS,,2231,CASE,,,$32.50 ,9/11/2025,KITCHEN,
"PINEAPPLE, GOLDEN RIPE 6'S",STAN SETAS,,2231,CASE,,,$32.50 ,9/16/2025,KITCHEN,
"PINEAPPLE, GOLDEN RIPE 6'S",STAN SETAS,,2231,CASE,,,$32.50 ,9/5/2025,KITCHEN,
"POTATOES, FINGERLING 10#",STAN SETAS,,4080,LB,,,$2.75 ,9/9/2025,KITCHEN,
"POTATOES, FINGERLING 10#",STAN SETAS,,4080,LB,,,$2.75 ,9/11/2025,KITCHEN,
"POTATOES, FINGERLING 10#",STAN SETAS,,4080,LB,,,$2.75 ,9/16/2025,KITCHEN,
"POTATOES, IDAHO 90#",STAN SETAS,,4125,CASE,,,$32.50 ,9/11/2025,KITCHEN,
"POTATOES, IDAHO 90#",STAN SETAS,,4125,CASE,,,$32.50 ,9/16/2025,KITCHEN,
"POTATOES, IDAHO 90#",STAN SETAS,,4125,CASE,,,$32.50 ,9/3/2025,KITCHEN,
"POTATOES, IDAHO 90#",STAN SETAS,,4125,CASE,,,$32.50 ,9/4/2025,KITCHEN,
"POTATOES, RED B CHOICE",STAN SETAS,,4025,LB,,,$1.25 ,9/5/2025,KITCHEN,
"POTATOES, YUKON GOLD A",STAN SETAS,,4200,CASE,,,$48.50 ,9/17/2025,KITCHEN,
"RASPBERRIES, DRISCOLL, 12/6OZ.",STAN SETAS,,655,CASE,,,$42.50 ,9/12/2025,KITCHEN,
"RASPBERRIES, DRISCOLL, 12/6OZ.",STAN SETAS,,655,CASE,,,$42.50 ,9/14/2025,KITCHEN,
"RASPBERRIES, DRISCOLL, 12/6OZ.",STAN SETAS,,655,CASE,,,$42.50 ,9/6/2025,KITCHEN,
"RED SEEDLESS GRAPES, 6/3#",STAN SETAS,,0,EACH,,,$8.75 ,9/16/2025,KITCHEN,
"ROMAINE HEARTS, 12/3 CT.",STAN SETAS,,3350,CASE,,,$42.50 ,9/9/2025,KITCHEN,
"ROMAINE HEARTS, 12/3 CT.",STAN SETAS,,3350,CASE,,,$42.50 ,9/16/2025,KITCHEN,
"ROMAINE HEARTS, 12/3 CT.",STAN SETAS,,3350,CASE,,,$42.50 ,9/3/2025,KITCHEN,
"ROMAINE HEARTS, 12/3 CT.",STAN SETAS,,3350,CASE,,,$42.50 ,9/4/2025,KITCHEN,
"ROMAINE, PREMIUM 24'S",STAN SETAS,,3335,CASE,,,$36.50 ,9/12/2025,KITCHEN,
"ROSEMARY, DOMESTIC 1-LB.",STAN SETAS,,5155,CASE,,,$9.75 ,9/9/2025,KITCHEN,
"SPEARMINT, DOMESTIC 1-LB",STAN SETAS,,0,CASE,,,$9.75 ,9/12/2025,KITCHEN,
"SPEARMINT, DOMESTIC 1-LB",STAN SETAS,,0,CASE,,,$9.75 ,9/13/2025,KITCHEN,
"SPINACH, BABY 4 LB.",STAN SETAS,,4360,CASE,,,$19.75 ,9/10/2025,KITCHEN,
"SPINACH, BABY 4 LB.",STAN SETAS,,4360,CASE,,,$19.75 ,9/4/2025,KITCHEN,
"SPINACH, BABY 4 LB.",STAN SETAS,,4360,CASE,,,$19.75 ,9/5/2025,KITCHEN,
"SPINACH, BABY 4 LB.",STAN SETAS,,4360,CASE,,,$19.75 ,9/6/2025,KITCHEN,
"SQUASH, YELLOW FANCY",STAN SETAS,,4520,CASE,,,$32.50 ,9/3/2025,KITCHEN,
"STRAWBERRIES, DRISCOLL",STAN SETAS,,690,CASE,,,$32.50 ,9/9/2025,KITCHEN,
"STRAWBERRIES, DRISCOLL",STAN SETAS,,690,CASE,,,$32.50 ,9/12/2025,KITCHEN,
"STRAWBERRIES, DRISCOLL",STAN SETAS,,690,CASE,,,$32.50 ,9/14/2025,KITCHEN,
"STRAWBERRIES, DRISCOLL",STAN SETAS,,690,CASE,,,$29.80 ,9/4/2025,KITCHEN,
"STRAWBERRIES, DRISCOLL",STAN SETAS,,690,CASE,,,$32.50 ,9/6/2025,KITCHEN,
"THYME, DOMESTIC 1-LB.",STAN SETAS,,5235,CASE,,,$9.75 ,9/12/2025,KITCHEN,
"THYME, DOMESTIC 1-LB.",STAN SETAS,,5235,CASE,,,$9.75 ,9/4/2025,KITCHEN,
TOMATILLOS,STAN SETAS,,4565,LB,,,$2.65 ,9/10/2025,KITCHEN,
TOMATILLOS,STAN SETAS,,4565,LB,,,$2.75 ,9/11/2025,KITCHEN,
TOMATILLOS,STAN SETAS,,4565,LB,,,$2.65 ,9/4/2025,KITCHEN,
"TOMATOES, 5X6 25#",STAN SETAS,,4595,CASE,,,$36.50 ,9/10/2025,KITCHEN,
"TOMATOES, 5X6 25#",STAN SETAS,,4595,CASE,,,$32.50 ,9/17/2025,KITCHEN,
"TOMATOES, 5X6 25#",STAN SETAS,,4595,CASE,,,$32.50 ,9/6/2025,KITCHEN,
"TOMATOES, GRAPE",STAN SETAS,,4670,CASE,,,$26.95 ,9/13/2025,KITCHEN,
"TOMATOES, GRAPE",STAN SETAS,,4670,CASE,,,$26.95 ,9/16/2025,KITCHEN,
"TOMATOES, GRAPE",STAN SETAS,,4670,CASE,,,$26.95 ,9/3/2025,KITCHEN,
"TOMATOES, GRAPE",STAN SETAS,,4670,CASE,,,$26.95 ,9/4/2025,KITCHEN,
"TOMATOES, GRAPE",STAN SETAS,,4670,CASE,,,$26.95 ,9/5/2025,KITCHEN,
"YUKON GOLD POTATOES, SIZE B",STAN SETAS,,0,LB,,,$1.25 ,9/12/2025,KITCHEN,
"ZUCCHINI, FANCY",STAN SETAS,,4545,CASE,,,$29.80 ,9/3/2025,KITCHEN,
BAGEL ASSORTED SLICED 3 OUNCE,SYSCO,BAKER'S SOURCE,7102253,CASE,15,6 CT,45.78,9/24/2025,BAKERY,
BAKLAVA CLASSIC PRESLICED,SYSCO,KRONOS CENTRAL,6843268,CASE,2,36 CT,62.95,9/26/2025,BAKERY,
BATTER MUFFIN BANANA NUT,SYSCO,PILLSBURY BAKERIES,1357847,CASE,6,3 LB,76.53,9/26/2025,BAKERY,
BATTER MUFFIN LEMON POPPYSEED,SYSCO,BAKER'S SOURCE,1795574,CASE,2,8 LB,49.22,9/5/2025,BAKERY,
BATTER MUFFING BLUEBERRY,SYSCO,PILLSBURY BAKERIES,1357854,CASE,6,3 LB,82.96,9/26/2025,BAKERY,
BEAN VANILLA PASTE QUART,SYSCO,NIELSON MASSEY,7012878,EACH,1,32 OZ,73.13,7/4/2025,BAKERY,
BREAD FOCACCIA HERB 1/2 SHEET,SYSCO,FIREKING BAKING,7633096,CASE,3,1 CT,29.73,9/24/2025,BAKERY,
BREAD WHEAT .56 INCH SLICED,SYSCO,BAKER'S SOURCE,488581,CASE,12,28 OZ,41.09,8/19/2025,BAKERY,
BREAD WHITE .563 INCH SLICED,SYSCO,BAKER'S SOURCE,2473425,CASE,12,28 OZ,44.01,9/12/2025,BAKERY,
BREADSTICK WHITE 7 INCH - 8 INCH,SYSCO,BAKER'S SOURCE,2451197,CASE,12,12 CT,35.47,9/26/2025,BAKERY,
CAKE CARROT GOURMET 14 CUT 9 INCH,SYSCO,IMPERIAL,6647804,CASE,2,96 OZ,73.86,7/11/2025,BAKERY,
CAKE CHOCOLATE MOUSSE,SYSCO,BROOKLYN CANNOLI,8381475,CASE,1,3.5 LB,30.84,9/26/2025,BAKERY,
CAKE CHOCOLATE ULTIMATE 14 SLICE,SYSCO,IMPERIAL,234534,CASE,2,90 OZ,64.33,9/26/2025,BAKERY,
CAKE LEMON LECHE,SYSCO,IMPERIAL,7209187,CASE,2,8.2 LB,87.93,9/26/2025,BAKERY,
CAKE POUND,SYSCO,BAKER'S SOURCE,1617000,CASE,12,12 OZ,43.45,9/26/2025,BAKERY,
CAKE SHEET TUXEDO TRUFFLE MOUSSE,SYSCO,THE ORIGINAL CAKERIE CO,8554990,CASE,2,185 OZ,151.57,9/19/2025,BAKERY,
CHEESECAKE NEW YORK 16 CUT 10 INCH,SYSCO,IMPERIAL,6648901,CASE,2,64 OZ,45.4,9/26/2025,BAKERY,
"CHEESECAKES ASSORTED BUFFET 14 CUT 8""",SYSCO,CLASSIC,234419,CASE,4,30 OZ,52.38,9/26/2025,BAKERY,
CHOCOLATE CHIPS IMITATION 4000 COUNT,SYSCO,CLASSIC,5340948,CASE,1,10 LB,31.64,10/3/2025,BAKERY,
CHURRO PREEFRIED PLAIN,SYSCO,HOLA CHURRO,1243351,CASE,1,100 CT,50.65,9/26/2025,BAKERY,
COCOA POWDER 10-12% BUTTERFAT,SYSCO,CHEFS COMPANION,5874847,EACH,1,5 LB,50.52,7/11/2025,BAKERY,
COOKIE CHOCOLATE CHIP INDIVIDUALLY WRAPPED 2 OUNCE,SYSCO,BAKER'S SOURCE,105831,CASE,48,2 OZ,31.98,7/11/2025,BAKERY,
COOKIE SNICKERDOODLE GLUTEN-FREE INDIVIDUALLY WRAPPED,SYSCO,UDI'S HEALTHY FOODS,1491352,CASE,36,1.8 OZ,37.7,7/15/2025,BAKERY,
CRACKER GRAHAM HONEY,SYSCO,KELLOGG'S,4008116,CASE,1,10 LB,37.74,7/11/2025,BAKERY,
CROISSANT MARGARINE CURVED SLICED,SYSCO,BAKER'S SOURCE,9805649,CASE,4,18 CT,56.38,8/8/2025,BAKERY,
DESSERT BAR VARIETY 8-PACK 2 POUND TRAY,SYSCO,SWEET STREET,4290474,CASE,8,8 CT,140.9,9/26/2025,BAKERY,
DONUT CAKE CHOCOLATE GLAZED OLD FASHIONED,SYSCO,BAKER'S SOURCE,7125242,CASE,72,2.5 OZ,47.59,9/26/2025,BAKERY,
DONUT YEAST RING GLAZED,SYSCO,BAKER'S SOURCE,7125250,CASE,72,2.5 OZ,34.39,9/24/2025,BAKERY,
DOUGH COOKIE CARNIVAL 1.33 OUNCE,SYSCO,OTIS SPUNKMEYER,7523145,CASE,240,1.33 OZ,68.76,9/24/2025,BAKERY,
DOUGH COOKIE CHOCOLATE CHIP,SYSCO,BAKER'S SOURCE,7134864,CASE,108,3 OZ,65.43,9/26/2025,BAKERY,
DOUGH COOKIE CHOCOLATE CHIP,SYSCO,OTIS SPUNKMEYER,1412642,CASE,240,1.33 OZ,60.75,9/5/2025,BAKERY,
DOUGH COOKIE CHOCOLATE CHUNK,SYSCO,BEST MAID COOKIE,3105602,CASE,200,1.5 OZ,82.91,8/22/2025,BAKERY,
DOUGH COOKIE CRANBERRY WHITE CHOCOLATE,SYSCO,OTIS SPUNKMEYER,6206619,CASE,104,3 OZ,98.93,9/26/2025,BAKERY,
DOUGH COOKIE OATMEAL RAISIN,SYSCO,OTIS SPUNKMEYER,1412667,CASE,240,1.33 OZ,54.27,8/26/2025,BAKERY,
DOUGH COOKIE PEANUT BUTTER,SYSCO,OTIS SPUNKMEYER,1412683,CASE,240,1.33 OZ,57.1,8/19/2025,BAKERY,
DOUGH COOKIE SUGAR BATTER,SYSCO,OTIS SPUNKMEYER,1454479,CASE,240,1.33 OZ,54.14,9/24/2025,BAKERY,
DOUGH DANISH MINI SELECTION,SYSCO,SCHULSTAD,2437176,CASE,120,1.5 OZ,65.86,9/17/2025,BAKERY,
DOUGH ROLL CINNAMON FREEZER TO OVEN,SYSCO,PILLSBURY BAKERIES,1853845,CASE,200,1.5 OZ,68.88,9/19/2025,BAKERY,
ICE CREAM CHOCOLATE,SYSCO,ASHBY'S,2179905,CASE,1,3 GAL,35.13,8/13/2025,BAKERY,
ICE CREAM SCOOP VANILLA BEAN,SYSCO,BLUE BUNNY,7417779,CASE,36,4 OZ,33.33,9/26/2025,BAKERY,
ICE CREAM VANILLA PREMIUM,SYSCO,ASHBY'S,2471789,CASE,1,3 GAL,37.22,8/8/2025,BAKERY,
ICING BUTTERCREAM WHITE WITH ZERO-TRANS-FAT,SYSCO,RICH'S PRODUCTS,3911128,CASE,1,30 LB,99.6,8/8/2025,BAKERY,
ICING FONDANT WHITE ROLLING,SYSCO,AMERO FOODS,8486035,CASE,2,5 LB,58.51,8/6/2025,BAKERY,
PAN COATING PROFESSIONAL,SYSCO,SUPREME,5204383,CASE,6,16 OZ,42.28,9/26/2025,BAKERY,
"PIE APPLE OLD FASHIONED READY-TO-BAKE 10""",SYSCO,IMPERIAL,9789934,CASE,6,49 OZ,49.01,9/26/2025,BAKERY,
"PIE BANANA CREAM THAW & SERVE 10""",SYSCO,CLASSIC,9788936,CASE,6,27 OZ,37.45,9/12/2025,BAKERY,
"PIE CHOCOLATE CREAM THAW & SERVE 10""",SYSCO,CLASSIC,9789686,CASE,6,27 OZ,38.13,9/26/2025,BAKERY,
PIE FRUIT FOREST MIXED READY-TO-BAKE OLD FASHIONED,SYSCO,IMPERIAL,9785601,CASE,6,48 OZ,69.16,9/19/2025,BAKERY,
PIE KEY LIME DEEP DISH 10 INCH 8 SCORE,SYSCO,KENNY'S GREAT PIES,4107247,CASE,4,36 OZ,66.56,9/26/2025,BAKERY,
"PIE LEMON MERENGUE THAW & SERVE 10""",SYSCO,IMPERIAL,9809153,CASE,4,46 OZ,43.64,8/8/2025,BAKERY,
PIE PEANUT BUTTER WITH REESE'S PIECES 14 CUT,SYSCO,IMPERIAL,6281497,CASE,2,88 OZ,69.35,9/17/2025,BAKERY,
"PIE PUMPKIN THAW & SERVE 10""",SYSCO,CLASSIC,9792771,CASE,6,43 OZ,42.38,9/26/2025,BAKERY,
PLATE FOAM UNLAMINATED WHITE 6 INCH,SYSCO,RELIANCE,8645753,CASE,8,125 CT,28.66,7/11/2025,BAKERY,
ROLL DINNER WHOLE GRAIN 1.125 OZ,SYSCO,FLOWERS SPECIALITY,2423238,CASE,8,24 CT,30.83,9/19/2025,BAKERY,
SPICE PEPPER SUPREME,SYSCO,IMPERIAL,1057983,CASE,1,21 OZ,33.35,10/3/2025,BAKERY,
APPETIZER FRANK IN PUFF PASTRY,SYSCO,IMPERIAL,6944334,CASE,2,50 CT,55.64,9/10/2025,KITCHEN,
APPETIZER SPANAKOPITA,SYSCO,IMPERIAL,6986178,CASE,5,20 CT,86.42,9/30/2025,KITCHEN,
APPETIZER VEGETABLE SPRING ROLL,SYSCO,JADE MOUNTAIN,4240331,CASE,3,48 CT,81.15,9/29/2025,KITCHEN,
APPLE FUJI EXTRA FANCY FRESH,SYSCO,PROPACK,7455116,CASE,1,100 CT,40.56,7/9/2025,KITCHEN,
APPLE SLICES IN WATER 6.5#,SYSCO,RELIANCE,4061875,CASE,6,#10,59.85,7/9/2025,KITCHEN,
ARTICHOKE HEARTS QUARTERS,SYSCO,IMPERIAL,4093373,CASE,1,2.5 KG,20.7,9/30/2025,KITCHEN,
AVOCADO HASS CHUNKY FRESH PACKAGED TRAY,SYSCO,CASA SOLANA,4897290,CASE,8,1 LB,52.78,9/23/2025,KITCHEN,
AVOCADO HASS FRESH HALVES INDIVIDUAL,SYSCO,CASA SOLANA,6297594,CASE,48,1.5 OZ,46.08,9/29/2025,KITCHEN,
BACON LAYFLAT 18-22 PER # SMOKED,SYSCO,RELIANCE,1073402,CASE,1,15 LB,88.63,7/9/2025,KITCHEN,
BACON LAYOUT APPLEWOOD,SYSCO,HORMEL,7557301,CASE,1,15 LB,83.27,9/30/2025,KITCHEN,
BAG PLASTIC HIGH DENSITY BUN PAN 27 X 37 ROLL PACK 13 MICRON,SYSCO,CLASSIC,4358958,CASE,1,200 CT,34.01,9/17/2025,BAKERY,
BAG PLASTIC LOW DENSITY RECLOSABLE 2 GALLON 13,SYSCO,CLASSIC,7863662,CASE,1,100 CT,20.39,10/3/2025,KITCHEN,
BANANA FRESH GREEN TIP,SYSCO,PROPACK,1158542,CASE,1,40 LB,28.26,7/9/2025,KITCHEN,
BANANA FRESH GREEN TIP,SYSCO,PROPACK,1079383,CASE,1,10 LB,11.81,7/8/2025,KITCHEN,
BEAN BAKED SLOW COOKED,SYSCO,CLASSIC,8326872,CASE,6,#10,41.5,8/18/2025,KITCHEN,
BEAN BLACK,SYSCO,CASA SOLANA,5844220,CASE,6,#10,39.28,9/26/2025,KITCHEN,
BEAN FRENCH SNIPPED FRESH,SYSCO,IMPERIAL,8405956,CASE,5,1 LB,25.15,7/30/2025,KITCHEN,
BEAN GARBANZO FANCY NO SULFITE,SYSCO,CLASSIC,4062337,CASE,6,#10,42.2,9/22/2025,KITCHEN,
BEAN GREAT NORTHERN FANCY,SYSCO,BUSH BROTHERS,8129645,CASE,6,#10,35.8,7/11/2025,KITCHEN,
BEEF BONE FEMUR 3-4 INCHE FROZEN,SYSCO,BUCKHEAD PRIDE,6322648,LB,1,20 LB,2.194,9/26/2025,KITCHEN,
BEEF CHUCK SHORT RIB BONE-IN,SYSCO,CERTIFIED ANGUS BEEF,3735705,LB,4,4 PC,6.937,7/29/2025,KITCHEN,
BEEF CHUCK SHORT RIB BONELESS COOKED,SYSCO,LITTLE TOWN JERKY,7140938,LB,3,4 LB,13.023,9/30/2025,KITCHEN,
BEEF FLANK 193,SYSCO,CERTIFIED ANGUS BEEF,8754319,LB,8,10 LB,10.59,8/8/2025,KITCHEN,
BEEF FLANK STEAK,SYSCO,BUCKHEAD PRIDE,808564,LB,1,12 LB,12.79,9/26/2025,KITCHEN,
BEEF GROUND FINE 81% LEAN BULK CHUBS,SYSCO,FIRE RIVER FARMS,566838,LB,4,10 LB,5.086,9/16/2025,KITCHEN,
BEEF GROUND FINE 81% LEAN BULK CHUBS,SYSCO,FIRE RIVER FARMS,566709,LB,4,5 LB,5.031,10/3/2025,KITCHEN,
BEEF RIBEYE LIP-ON BONELESS,SYSCO,BUTCHER'S BLOCK,4230967,LB,3,14 LB,13.285,9/26/2025,KITCHEN,
BEEF SAUSAGE BRISKET BURNT END JALAPENO,SYSCO,LL RANCH,7248233,CASE,6,2 LB,71.37,8/26/2025,KITCHEN,
BLEACH CHLORINE LIQUID 5.25%,SYSCO,RELIANCE,1934027,CASE,6,128 OZ,19.54,9/24/2025,KITCHEN,
"BOX PIZZA 12""X12""",SYSCO,ARREZZIO,5787148,CASE,1,50 CT,24.54,7/8/2025,KITCHEN,
BREAD CRUMBS JAPANESE COARSE PANKO,SYSCO,CLASSIC,5495460,CASE,1,25 LB,43.8,9/10/2025,KITCHEN,
BREAD PITA PLAIN,SYSCO,KRONOS,1309863,CASE,12,10 CT,38.22,9/24/2025,KITCHEN,
BREAKFAST BAR NUTRI GRAIN RASPBERRY,SYSCO,KELLOGG'S,5529664,CASE,48,1.3 OZ,33.65,7/11/2025,KITCHEN,
BREAKFAST BAR NUTRI-GRAIN APPLE,SYSCO,KELLOGG'S,5523808,CASE,48,1.3 OZ,33.65,7/11/2025,KITCHEN,
BREAKFAST BAR NUTRI-GRAIN BLUEBERRY,SYSCO,KELLOGG'S,5523816,CASE,48,1.3 OZ,33.65,7/11/2025,KITCHEN,
BREAKFAST BAR NUTRI-GRAIN STRAWBERRY,SYSCO,KELLOGG'S,5523949,CASE,48,1.3 OZ,33.65,7/11/2025,KITCHEN,
BUTTER BALLS .25 OZ SALTED IN BAG,SYSCO,BUTTERBALL FARMS,91449,CASE,6,3 LB,93.01,9/29/2025,KITCHEN,
BUTTER BLEND CLARIFIED WITH VEGETABLE OIL,SYSCO,LAND O LAKES,5055110,CASE,2,8 LB,60.63,9/29/2025,KITCHEN,
BUTTER SOLID UNSALTED USDA AA,SYSCO,WHOLESOME FARMS,3031442,CASE,36,1 LB,100.52,9/29/2025,KITCHEN,
BUTTERMILK 1% CULTURED,SYSCO,WHOLESOME FARMS,5109107,CASE,9,0.5 GAL,24.08,9/24/2025,KITCHEN,
CARROTS BABY CUT PEELED SLIM,SYSCO,IMPERIAL,3597911,CASE,4,5 LB,37.5,9/24/2025,KITCHEN,
CARROTS BABY PEELED TRI-COLOR,SYSCO,PACKER,7680291,CASE,1,5 LB,33.19,8/26/2025,KITCHEN,
CARROTS BABY WITH TOPS HAND PEELED,SYSCO,PACKER,8339590,CASE,1,5 LB,31.39,7/30/2025,KITCHEN,
CARROTS ORGANIC RAINBOW SHREDDED,SYSCO,PACKER,3289446,CASE,2,5 LB,21.31,9/24/2025,KITCHEN,
CEREAL GRANOLA FRUIT BULKPAK,SYSCO,NATURE VALLEY,6045371,CASE,4,50 OZ,50.57,9/19/2025,KITCHEN,
CEREAL HOT OATMEAL VARIETY,SYSCO,QUAKER,1827433,CASE,64,.98 OZ,22.23,9/22/2025,KITCHEN,
CHEESE ASIAGO AGED HALF WHEEL,SYSCO,STELLA,1447473,LB,1,11 LB,4.642,8/29/2025,KITCHEN,
CHEESE BLUE CRUMBLE STYLE CHUNK,SYSCO,IMPERIAL,1012327,CASE,1,5 LB,25.69,8/27/2025,KITCHEN,
CHEESE CHEDDAR MILD FANCY SHREDDED,SYSCO,CASA SOLANA,2822338,CASE,4,5 LB,56.36,9/26/2025,KITCHEN,
CHEESE CHEDDAR MILD SLICED INTERLEAFED .75 OUN,SYSCO,BLOCK & BARREL,3546369,CASE,8,1.5 LB,40.81,9/9/2025,KITCHEN,
CHEESE CHEDDAR SHARP FEATHER SHREDDED WHITE,SYSCO,BLOCK & BARREL,2825061,CASE,4,5 LB,59.85,8/15/2025,KITCHEN,
CHEESE CHEDDAR SMOKED 2.25 LB,SYSCO,PACKER,8009714,LB,2,2 CT,4.621,9/16/2025,KITCHEN,
CHEESE COTTAGE SMALL CURD 2%,SYSCO,WHOLESOME FARMS,8953028,CASE,2,5 LB,24.78,8/27/2025,KITCHEN,
CHEESE COTTAGE SMALL CURD 4%,SYSCO,WHOLESOME FARMS,5440201,CASE,4,5 LB,47.02,7/16/2025,KITCHEN,
CHEESE CREAM BULK,SYSCO,WHOLESOME FARMS,1161181,CASE,1,30 LB,81.03,7/22/2025,KITCHEN,
CHEESE CREAM LIGHT CUP,SYSCO,WHOLESOME FARMS,6261713,CASE,100,1 OZ,26.1,9/29/2025,KITCHEN,
CHEESE CUBE SWISS CHEDDAR PEPPER JACK,SYSCO,BLOCK & BARREL,7222414,CASE,6,2 LB,44.92,9/22/2025,KITCHEN,
CHEESE CUBED CHEDDAR SWISS PEPPER JACK,SYSCO,BLOCK & BARREL,248807,CASE,3,5 LB,60.95,7/9/2025,KITCHEN,
CHEESE FONTINA WHOLE RED WAX USA,SYSCO,ARREZZIO,4069870,LB,1,10 LB,6.023,8/27/2025,KITCHEN,
CHEESE GOAT LOG CHEVRE,SYSCO,BLOCK & BARREL,1140427,CASE,12,10.5 OZ,59.59,9/12/2025,KITCHEN,
CHEESE GRUYERE KING CUTS,SYSCO,BLOCK & BARREL,4507966,LB,2,7 LB,6.579,8/27/2025,KITCHEN,
CHEESE MOZZARELLA CILIEGEN FRESH,SYSCO,ARREZZIO,2491751,CASE,2,3 LB,33.48,9/23/2025,KITCHEN,
CHEESE MOZZARELLA STRING,SYSCO,ARREZZIO,4384214,CASE,168,1 OZ,42.07,7/25/2025,KITCHEN,
CHEESE MUENSTER RED RIND,SYSCO,BLOCK & BARREL,2388205,LB,1,6 LB,3.548,8/20/2025,KITCHEN,
CHEESE PARMESAN SHREDDED FANCY,SYSCO,ARREZZIO,873301,CASE,4,5 LB,109.08,9/29/2025,KITCHEN,
CHEESE RICOTTA UNWHIPPED PART SKIM,SYSCO,IMPERIAL,1012285,CASE,2,5 LB,27.6,7/9/2025,KITCHEN,
CHEESE SPREAD GARLIC & HERB EUROCREME,SYSCO,LIFE & PROVENCE,2520415,CASE,2,4 LB,43.15,9/26/2025,KITCHEN,
CHEESE SWISS SANDWICH CUT GRADE C,SYSCO,BLOCK & BARREL,2822437,LB,2,8 LB,3.557,8/29/2025,KITCHEN,
CHEESE SWISS SLICED .75 OUNCE,SYSCO,BLOCK & BARREL,3554569,CASE,8,1.5 LB,48.32,9/26/2025,KITCHEN,
CHERRY DRIED,SYSCO,IMPERIAL,7102205,CASE,1,5 LB,53.97,7/11/2025,KITCHEN,
CHERRY DRIED TART WHOLE,SYSCO,TRAVERSE BAY DRIED FRUIT,7393839,CASE,1,4 LB,34.47,9/22/2025,KITCHEN,
CHERRY MARASCHINO WITH STEMS LARGE IN PLASTIC JAR,SYSCO,IMPERIAL,5083944,CASE,6,.5 GAL,22.93,9/19/2025,KITCHEN,
CHICKEN BONELESSS SKINLESS BREAST 6OZ,SYSCO,COLEMAN NATURAL MEAT,1534452,CASE,4,5 LB,104,8/5/2025,KITCHEN,
CHICKEN BREAST CHUNKS TEMPURA,SYSCO,PIERCE (PILGRIMS PRIDE),5413606,CASE,2,5 LB,45.78,9/29/2025,KITCHEN,
CHICKEN CVP 8 PIECES CUT UP TRIMMED HALAL,SYSCO,CLASSIC,7220132,LB,16,3.5 LB,1.984,8/22/2025,KITCHEN,
CHICKEN CVP BONELESS SKINLESS BREAST 7.0 OUNCE NO ANTIBIOTICS EVER,SYSCO,COLEMAN NATURAL MEAT,7111928,CASE,4,5 LB,104,7/18/2025,KITCHEN,
CHICKEN CVP BREAST BONELESS-SKINLESS 5 OUNCE HALAL,SYSCO,CLASSIC,2166429,CASE,4,5 LB,109.51,7/16/2025,KITCHEN,
CHICKEN HALF OVEN ROASTED FRESH,SYSCO,BLOCK & BARREL,6421895,LB,8,2.5 LB,3.58,8/15/2025,KITCHEN,
CHICKEN TENDERS BREADED GOLDEN FLAT SMALL,SYSCO,CLASSIC,3928991,CASE,2,5 LB,48.47,9/29/2025,KITCHEN,
CHICKEN THIGH BONELESS SKINLESS,SYSCO,CLASSIC,7792187,CASE,4,10 LB,105.06,9/24/2025,KITCHEN,
CHIP POTATO REGULAR SINGLE SERVING,SYSCO,LAYS,5511175,CASE,104,1 OZ,47.25,7/11/2025,KITCHEN,
CHIP VARIETY FRITO LAY,SYSCO,LAYS,6586721,CASE,1,60 CT,43.28,7/23/2025,KITCHEN,
CHIP VARIETY POTATO TRADITIONAL,SYSCO,BLOCK & BARREL,6081071,CASE,80,1 OZ,44.61,8/13/2025,KITCHEN,
CLEANER COFFEE EQUIPMENT DIP IT XP,SYSCO,ECOLAB,7236517,CASE,6,2.33 LB,56.34,7/11/2025,KITCHEN,
CLEANER FLOOR SANITIZING WASH N WALK,SYSCO,ECOLAB,3325884,CASE,1,2.5 GAL,78.61,9/16/2025,KITCHEN,
COFFEE BEAN HOUSE BLEND BULK,SYSCO,CITAVO,7545589,CASE,6,2 LB,125.83,7/28/2025,KITCHEN,
COFFEE BEAN REGULAR ESPRESSO SUPREME,SYSCO,FERRIS COFFEE & NUT,6239523,CASE,1,5 LB,64.88,9/9/2025,KITCHEN,
COFFEE GROUND COLOMBIAN MEDIUM WITH FILTER,SYSCO,CITAVO,8322224,CASE,96,1.5 OZ,108.67,8/22/2025,KITCHEN,
CONTAINER MFPP 1 COMPARTMENT HINGED 9X9 INCH WHITE,SYSCO,EARTH PLUS,7064461,CASE,1,120 CT,36.29,8/13/2025,KITCHEN,
CONTAINER PAPER #2 TAKEOUT KRAFT,SYSCO,EARTH PLUS,1423328,CASE,2,70 CT,45.2,9/29/2025,KITCHEN,
CONTAINER PLASTIC CLEAR TOP/BLACK BOTTOM HINGED LID 10.5 X 9.5 1-COMPARTMENT,SYSCO,EARTH CHOICE,7136869,CASE,2,66 CT,101.16,9/5/2025,KITCHEN,
CONTAINER PLASTIC DELI TRANSLUCENT WITH LID,SYSCO,DELITAINER,8231967,CASE,240,8 OZ,38.74,10/3/2025,KITCHEN,
CONTAINER PLASTIC DELI TRANSLUCENT WITH LID,SYSCO,DELITAINER,8231512,CASE,240,32 OZ,63.98,7/29/2025,KITCHEN,
CONTAINER PLASTIC DELI TRANSLUCENT WITH LID,SYSCO,DELITAINER,8018838,CASE,240,16 OZ,41.53,7/29/2025,KITCHEN,
CONTAINER PLASTIC HINGED 1C 8.5X8.5,SYSCO,CLASSIC,7324917,CASE,3,50 CT,90.61,8/29/2025,KITCHEN,
CONTAINER PLASTIC HINGED BLACK/CLEAR 6 INCH X 6 INCH,SYSCO,CLASSIC,5329190,CASE,3,57 CT,40.56,8/22/2025,KITCHEN,
CORN WHOLE KERNEL GRADE A PACKAGED,SYSCO,CLASSIC,1435221,CASE,12,2.5 LB,56.78,7/8/2025,KITCHEN,
CORN WHOLE KERNEL WHITE SUPER SWEET,SYSCO,IMPERIAL,2510048,CASE,12,2.5 LB,63.53,9/16/2025,KITCHEN,
CRAB MEAT LUMP PASTEURIZED ASIA,SYSCO,SEA WINGS,5042393,CASE,6,1 LB,114.21,7/23/2025,KITCHEN,
CRACKER ASSORTED,SYSCO,PEPPERIDGE FARM,4200036,CASE,60,TRAYS,62.94,9/19/2025,KITCHEN,
CRACKER SALTINE 2 PER PACKET,SYSCO,HOUSE RECIPE,4204996,CASE,500,2 CT,24.57,7/29/2025,KITCHEN,
CREAM HEAVY 40%,SYSCO,WHOLESOME FARMS,6935464,CASE,12,32 OZ,70.41,9/30/2025,KITCHEN,
CREAM HEAVY WHIPPING 36%,SYSCO,WHOLESOME FARMS,4828802,CASE,12,32 OZ,64.38,9/29/2025,KITCHEN,
CREAM SOUR CULTURED GRADE A,SYSCO,WHOLESOME FARMS,5438874,CASE,4,5 LB,39.79,9/26/2025,KITCHEN,
CREAM SOUR CULTURED GRADE A,SYSCO,WHOLESOME FARMS,5020193,CASE,2,5 LB,19.34,7/4/2025,KITCHEN,
CREAMER COFFEE CITAVO FRENCH VANILLA,SYSCO,CITAVO,7100252,CASE,288,13 ML,22.44,9/30/2025,KITCHEN,
CREAMER COFFEE HAZELNUT ND,SYSCO,INTERNATIONAL DELIGHT,7441314,CASE,288,13 ML,26.17,9/30/2025,KITCHEN,
CREAMER HALF AND HALF,SYSCO,WHOLESOME FARMS,4686758,CASE,16,1 QT,34.77,9/30/2025,KITCHEN,
CREAMER NON-DAIRY CARAMEL MACCHIATO,SYSCO,INTERNATIONAL DELIGHT,7940998,CASE,288,13 ML,22.82,9/24/2025,KITCHEN,
CROUTON MULTIGRAIN CHEESE GARLIC HOMESTYLE ZERO TRANS FAT,SYSCO,CLASSIC,7762224,CASE,8,2.5 LB,63.93,8/26/2025,KITCHEN,
CUP PAPER COLD POLY-COATED 16 OUNCE,SYSCO,TRENDZ,1993726,CASE,24,50 CT,124.58,8/27/2025,KITCHEN,
CUP PAPER HOT PERFECTOUCH 12 OUNCE,SYSCO,PERFECTOUCH PAPER HOT CUP,8090268,CASE,20,50 CT,125.8,8/27/2025,KITCHEN,
CUP PLASTIC R PET CLEAR 16 OUNCE,SYSCO,EARTH PLUS,7064617,CASE,12,70 CT,64.72,8/8/2025,KITCHEN,
CUTLERY KIT KNIFE FORK SPOON NAPKIN SALT & PEPPER TOOTHPICK,SYSCO,GREEN2GO,7156042,CASE,1,300 CT,99.28,7/8/2025,KITCHEN,
DELIMER LIME-A-WAY,SYSCO,ECOLAB,3976277,CASE,4,1 GAL,44.73,9/19/2025,KITCHEN,
DETERGENT DISHWASH LEMON SCENT,SYSCO,DAWN DETERGENT,1823465,CASE,4,1 GAL,72.07,9/5/2025,KITCHEN,
DETERGENT MACHINE SOLID POWER XL,SYSCO,ECOLAB,8265585,CASE,4,9 LB,103.86,9/30/2025,KITCHEN,
DIP HUMMUS FRESH TRADITIONAL,SYSCO,GRECIAN DELIGHT,779593,CASE,2,0.5 GAL,31.88,9/23/2025,KITCHEN,
DOILY LACE ROUND WHITE 4 INCH,SYSCO,CLASSIC,9711565,CASE,1,2000 CT,54.6,7/25/2025,KITCHEN,
DRESSING CAESAR WITH EGG,SYSCO,IMPERIAL,5005327,CASE,4,1 GAL,120.26,8/26/2025,KITCHEN,
DRESSING FRENCH STYLE RED BANQUET,SYSCO,CLASSIC,5012893,EACH,1,1 GAL,19.71,8/29/2025,KITCHEN,
DRESSING ITALIAN GREGGORIO HOUSE,SYSCO,IMPERIAL,4945721,CASE,4,1 GAL,84.54,9/26/2025,KITCHEN,
DRESSING MIX RANCH BUTTERMILK NO MSG,SYSCO,HIDDEN VALLEY RANCH,6828448,CASE,12,3.2 OZ,48.07,9/29/2025,KITCHEN,
DRESSING RANCH ORIGINAL,SYSCO,HIDDEN VALLEY RANCH,5195847,CASE,4,1 GAL,67.72,9/19/2025,KITCHEN,
DRESSING RASPBERRY VINAIGRETTE,SYSCO,HIDDEN VALLEY RANCH,948737,CASE,4,1 GAL,71.81,9/22/2025,KITCHEN,
DRESSING VINAIGRETTE APPLE CIDER,SYSCO,KEN'S,8476732,EACH,1,1 GAL,20.81,8/27/2025,KITCHEN,
EGG HARDCOOKED PEELED DRY PACK,SYSCO,WHOLESOME FARMS,7199860,CASE,12,12 CT,35.44,9/29/2025,KITCHEN,
EGG LIQUID SCRAMBLED MIX CARTON,SYSCO,WHOLESOME FARMS,7200653,CASE,15,2 LB,38.93,7/22/2025,KITCHEN,
EGG SHELL WHITE LARGE,SYSCO,WHOLESOME FARMS,7208096,CASE,1,15 DZ,54.31,9/22/2025,KITCHEN,
EGG WHITE LIQUID WITH TRIETHYL CITRATE OPTIMUM,SYSCO,WHOLESOME FARMS,4803144,CASE,12,2 LB,32.05,7/22/2025,KITCHEN,
EGG WHOLE LIQUID FRESH WITH CITRIC ACID,SYSCO,WHOLESOME FARMS,2366607,CASE,15,2 LB,41.4,9/30/2025,KITCHEN,
FILM PVC 18 INCHX2000 FEET ROLL,SYSCO,CLASSIC,7435266,CASE,1,18 IN,27.06,9/12/2025,KITCHEN,
FILTER COFFEE PAPER ALTRA 15 INCH X 5 INCH US,SYSCO,STARBUCKS,205419,CASE,1,500 CT,29.16,9/29/2025,KITCHEN,
FLOOR SQUEEGEE WITH WOOD HANDLE,SYSCO,ACS INDUSTRIES,7149778,CASE,12,14 INCH,91.9,7/29/2025,KITCHEN,
FOIL ALUMINUM ROLL HEAVY WEIGHT 18X500,SYSCO,CLASSIC,6937767,CASE,1,18 IN,44.33,8/26/2025,KITCHEN,
FOIL SHEET 9 INCH X 10.75 INCH SILVER,SYSCO,CLASSIC,6938500,CASE,1,500 CT,17.17,7/11/2025,KITCHEN,
FRANKFURTER ALL-BEEF 6 PER POUND 6 INCH,SYSCO,BLOCK & BARREL,1970888,CASE,2,5 LB,48,7/15/2025,KITCHEN,
FUEL CANNED HEAT TWIST CAP CHAFING DISH FUEL 4 HOUR,SYSCO,SUPPLIES & EQUIPMENT,7094209,CASE,24,4 HR,49.36,9/30/2025,KITCHEN,
FUEL GAS BUTANE CANISTER,SYSCO,STERNO,2990402,CASE,12,8 OZ,28.17,8/27/2025,KITCHEN,
GARLIC PEELED FRESH,SYSCO,IMPERIAL,1821537,CASE,4,5 LB,43.45,9/29/2025,KITCHEN,
GLAZE BALSAMIC VINEGAR OF MODENA,SYSCO,ARREZZIO,651828,CASE,6,12.9 OZ,19.1,7/16/2025,KITCHEN,
GLOVE NITRILE FOODSERVICE POWDER FREE BLACK EX,SYSCO,CLASSIC,4685621,CASE,10,100 CT,66.92,9/29/2025,KITCHEN,
GLOVE NITRILE FOODSERVICE POWDER FREE BLACK SMALL,SYSCO,CLASSIC,4685576,CASE,10,100 CT,66.92,7/15/2025,KITCHEN,
GLOVE VINYL FOODSERVICE POWDER FREE EXTRA LARGE,SYSCO,CLASSIC,8399737,CASE,10,100 CT,43.96,7/11/2025,KITCHEN,
GLOVE VINYL FOODSERVICE POWDER FREE MEDIUM,SYSCO,RELIANCE,951998,CASE,10,100 CT,43.42,8/15/2025,KITCHEN,
GLOVE VINYL FOODSERVICE POWDER FREE SMALL,SYSCO,CLASSIC,5989864,CASE,4,100 CT,28.79,7/22/2025,KITCHEN,
HAM PROSCIUTTO COLOSSEUM DOMESTIC TRIMMED,SYSCO,ARREZZIO,2557379,LB,2,5.25 LB,7.89,9/26/2025,KITCHEN,
HOISIN SAUCE,SYSCO,LEE KUM KEE,4520623,CASE,1,5 LB,11.67,9/29/2025,KITCHEN,
HONEY PURE CUP,SYSCO,HOUSE RECIPE,3530128,CASE,200,12 G,56.83,7/15/2025,KITCHEN,
HONEY PURE LIGHT AMBER GRADE A TRUE SOURCE CERTIFIED IN JUG,SYSCO,RELIANCE,3374097,CASE,6,5 LB,112.68,7/4/2025,KITCHEN,
ICE CREAM BAR FUDGE,SYSCO,BLUE RIBBON,7058869,CASE,48,3 OZ,20.11,7/30/2025,KITCHEN,
ICE CREAM BAR HOMEMADE VANILLA,SYSCO,BLUE RIBBON,1719806,CASE,2,24 CT,22.51,7/30/2025,KITCHEN,
ICE CREAM CHOCOLATE CUP 4 OUNCES,SYSCO,WHOLESOME FARMS,3412424,CASE,48,4 OZ,20.9,7/16/2025,KITCHEN,
ICE CREAM SANDWICH VANILLA,SYSCO,BLUE BUNNY,2577328,CASE,24,6 OZ,21.59,7/30/2025,KITCHEN,
ICE CREAM VANILLA CUP 4 OUNCES,SYSCO,WHOLESOME FARMS,3412410,CASE,48,4 OZ,20.9,7/16/2025,KITCHEN,
JELLY ASSORTED CUP GRAPE STRAWBERRY & MIXED FR,SYSCO,JM SMUCKER,4043899,CASE,200,.5 OZ,17.02,7/15/2025,KITCHEN,
JUICE APPLE CONCENTRATE 5:1 YIELD,SYSCO,SUNKIST,55493,CASE,3,3 LTR,130.94,8/27/2025,KITCHEN,
JUICE CONCENTRATE FROZEN CRANBERRY COCKTAIL 10%,SYSCO,SUNKIST,4185775,CASE,3,3 LTR,87.98,9/29/2025,KITCHEN,
JUICE CRANBERRY COCKTAIL 27%,SYSCO,CITAVO,4687562,CASE,8,64 OZ,48.26,8/22/2025,KITCHEN,
JUICE LEMON,SYSCO,REALEMON,8624161,CASE,8,48 OZ,33.36,7/25/2025,KITCHEN,
JUICE LEMON PLASTIC BOTTLE READY TO USE,SYSCO,CITAVO GROVE,475394,CASE,12,32 OZ,34.59,7/28/2025,KITCHEN,
JUICE LIME PASTEURIZED ULTRA PREMIUM,SYSCO,NATURAL,3865730,CASE,6,1 QT,26.62,9/29/2025,KITCHEN,
JUICE ORANGE FROZEN CONCENTRATE,SYSCO,SUNKIST,55507,CASE,3,3 LTR,154.62,9/24/2025,KITCHEN,
JUICE VEGETABLE,SYSCO,V-8,4019139,CASE,12,46 OZ,29.45,7/29/2025,KITCHEN,
KETCHUP FANCY,SYSCO,HOUSE RECIPE,5686266,CASE,6,#10,46.67,9/24/2025,KITCHEN,
KETCHUP SQUEEZE RED BOTTLE,SYSCO,HOUSE RECIPE,4560934,CASE,36,14 OZ,47.66,7/15/2025,KITCHEN,
LABEL ROLL UNIVERSAL PLASTIC 2 INCH X 2 INCH,SYSCO,KEYSTONE PRODUCTS,4218998,CASE,1,750 CT,19.22,9/26/2025,BAKERY,
LID PLASTIC TRANSLUCENT FOR 12-20 OUNCE CUP,SYSCO,CLASSIC,1993803,CASE,12,100 CT,67.56,8/29/2025,KITCHEN,
LID PLSATIC DOME BLACK 12/16/20/14,SYSCO,SOLO CUP,6461683,CASE,1,1000 CT,29.08,8/27/2025,KITCHEN,
LINER PAN QUILON TREATED 16X24,SYSCO,CLASSIC,6787774,CASE,1,1000 CT,70.66,9/29/2025,KITCHEN,
"LINER TRASH 40""X46""",SYSCO,RELIANCE,1763853,CASE,1,100 CT,34.88,9/29/2025,KITCHEN,
"LOBSTER LIVE 1.25# ""QUARTERS""",SYSCO,PORTICO,8733329,LB,1,6 CT,15.621,7/24/2025,KITCHEN,
LOBSTER MEAT SENSATIONS,SYSCO,MRS FRIDAY,4488276,CASE,6,2 LB,126.47,9/26/2025,KITCHEN,
LOBSTER TAIL NORTH ATLANTIC PREMIUM 4-5 OUNCE,SYSCO,PORTICO,2524965,CASE,1,10 LB,219.61,7/25/2025,KITCHEN,
MAYONNAISE HEAVY DUTY,SYSCO,RELIANCE,4002432,CASE,4,1 GAL,51.4,9/30/2025,KITCHEN,
MAYONNAISE HEAVY DUTY PAIL,SYSCO,RELIANCE,4002408,CASE,1,28 LB,49.84,9/30/2025,KITCHEN,
MILK 2%,SYSCO,WHOLESOME FARMS,4676280,CASE,4,1 GAL,18.9,9/29/2025,KITCHEN,
MILK COCONUT UNSWEETENED,SYSCO,JADE MOUNTAIN,1425982,CASE,24,13.5 OZ,46.76,7/25/2025,KITCHEN,
MOP HEAD BLEND LOOPED-END ALL PURPOSE LARGE,SYSCO,SUPPLIES CLASSIC,4179586,CASE,1,2 CT,17.6,9/5/2025,KITCHEN,
MUFFIN ENGLISH ORIGINAL 2 OZ,SYSCO,THOMAS,1535368,CASE,6,12 CT,26.06,9/22/2025,KITCHEN,
MUSSEL PRINCE EDWARD ISLAND,SYSCO,IMPERIAL,1058443,CASE,1,10 LB,32.39,7/23/2025,KITCHEN,
NAPKIN BEVERAGE 10X10 2P WHT FD,SYSCO,CLASSIC,7216177,CASE,12,250 CT,64.15,8/27/2025,KITCHEN,
NAPKIN DINNER 14.5 INCH X 14.5 INCH FINESSE,SYSCO,CLASSIC,1975063,CASE,1,1000 CT,65.01,7/9/2025,KITCHEN,
OIL OLIVE BLEND 80/20,SYSCO,ARREZZIO,5934302,CASE,6,1 GAL,75.63,9/29/2025,KITCHEN,
OIL OLIVE BLEND SAUTE 10L BAG IN BOX,SYSCO,LA PADELLA,3048935,EACH,1,10 LTR,62.93,7/11/2025,KITCHEN,
OIL OLIVE EXTRA VIRGIN 10 L BAG IN BOX,SYSCO,TRULY,255941,CASE,1,10 LB,138.34,9/29/2025,KITCHEN,
OLIVE KALAMATA PITTED PLASTIC KEG,SYSCO,IMPERIAL,5429766,CASE,4,4.4 LB,36.27,9/26/2025,KITCHEN,
ORANGE MANDARIN WHOLE SEGMENTS IN JUICE,SYSCO,SUPREME,8357873,CASE,6,#10,73.64,7/4/2025,KITCHEN,
ORANGES CHOICE FRESH,SYSCO,RELIANCE,7651967,CASE,1,138 CT,43.08,7/25/2025,KITCHEN,
PAN COATING CANOLA,SYSCO,IMPERIAL,7110474,CASE,6,17 OZ,42.34,9/16/2025,KITCHEN,
"PASTA CAPELLINI 10""",SYSCO,PASTA LABELLA,4862967,CASE,2,10 LB,26.7,8/27/2025,KITCHEN,
PASTA CAVATAPPI 100% DURUM WHEAT SEMOLINA,SYSCO,PASTA LABELLA,6040885,CASE,2,10 LB,26.78,9/30/2025,KITCHEN,
PASTA FARFALLE BOWTIE,SYSCO,BARILLA ITALIAN PASTA,8843195,CASE,2,10 LB,25,9/26/2025,KITCHEN,
PASTA LINGUINE 10 INCH,SYSCO,PASTA LABELLA,4862959,CASE,2,10 LB,25.98,7/23/2025,KITCHEN,
PASTA PENNE RIGATE GLUTEN FREE,SYSCO,BARILLA ITALIAN PASTA,4069926,CASE,8,12 OZ,20.73,9/29/2025,KITCHEN,
PASTA SHELL SMALL,SYSCO,PASTA LABELLA,4862777,CASE,2,10 LB,33.97,8/18/2025,KITCHEN,
PASTA SPAGHETTI,SYSCO,BARILLA ITALIAN PASTA,7967144,CASE,2,10 LB,25,8/26/2025,KITCHEN,
PEACH SLICED CHOICE EXTRA IN LIGHT SYRUP,SYSCO,CLASSIC,2182063,CASE,6,#10,71.3,7/9/2025,KITCHEN,
PEANUT BUTTER CREAMY CUP,SYSCO,HOUSE RECIPE,7211242,CASE,200,0.75 OZ,38.39,7/9/2025,KITCHEN,
PEANUT BUTTER CREAMY PET PLASTIC CONTAINER JAR,SYSCO,CLASSIC,9732967,EACH,1,5 LB,17.42,7/4/2025,KITCHEN,
"PEAS, SUGAR SNAP",SYSCO,PROPACK,1312743,CASE,1,10 LB,35.03,9/12/2025,KITCHEN,
PEPPER RED FIRE ROASTED STRIPS,SYSCO,ARREZZIO,5017918,CASE,12,28 OZ,66.32,9/19/2025,KITCHEN,
PICK SANDWICH BAMBOO KNOT 4 INCH,SYSCO,HANDGARD,2102038,CASE,10,100 CT,27.82,8/12/2025,KITCHEN,
PIZZA CRUST ROUND PREBAKED,SYSCO,SAN MARIO'S,2516557,CASE,12,12 IN,29.85,7/8/2025,KITCHEN,
PLACEMAT PAPER SCALLOPED EMBOSSED WHITE 10X14,SYSCO,CLASSIC,7808545,CASE,1,1000 CT,33.67,9/30/2025,KITCHEN,
PLASTIC CUTLERY EBONY FORKS,SYSCO,CLASSIC,8003370,CASE,1,1000 CT,33.45,9/16/2025,KITCHEN,
PLASTIC CUTLERY EBONY SPOONS,SYSCO,CLASSIC,8003418,CASE,1,1000 CT,29.22,8/8/2025,KITCHEN,
PLATE FOAM HEAVY LAMINATED BLACK 6 INCH,SYSCO,CLASSIC,1555251,CASE,8,125 CT,48.75,8/13/2025,KITCHEN,
PLATE FOAM HEAVY LAMINATED BLACK 9 INCH,SYSCO,CLASSIC,1555313,CASE,4,125 CT,53.55,9/15/2025,KITCHEN,
PLATE PLASTIC IMPACT BLACK 7 INCH,SYSCO,PACTIV CORP,1857376,CASE,8,125 CT,113.49,8/13/2025,KITCHEN,
POLENTA CORN MEAL,SYSCO,COLAVITA,2461644,CASE,6,1 LB,15.05,7/25/2025,KITCHEN,
POPCORN CHEDDAR WHITE LARGE,SYSCO,SMARTFOOD,6783417,CASE,64,1 OZ,45.75,8/12/2025,KITCHEN,
POTATO DICED COOKED RED SKIN-ON,SYSCO,CLASSIC,3094962,CASE,2,10 LB,25.43,9/29/2025,KITCHEN,
"POTATO FRY 3/8"" ULTIMATE CRISP",SYSCO,IMPERIAL,2032935,CASE,6,5 LB,54.65,9/22/2025,KITCHEN,
POTATO FRY CRISSCUT ORIGINAL BATTER,SYSCO,LAMB WESTON,1516350,CASE,6,4.5 LB,60.39,8/29/2025,KITCHEN,
POTATO FRY SWEET WAFFLE BATTERED,SYSCO,IMPERIAL,4390807,CASE,5,3 LB,46.4,9/19/2025,KITCHEN,
POTATO HASH BROWNS COOKED SKINLESS,SYSCO,CLASSIC,3009428,CASE,2,10 LB,21.8,9/29/2025,KITCHEN,
POTATO RED C-SIZE,SYSCO,IMPERIAL,8486896,CASE,1,50 LB,34.61,9/23/2025,KITCHEN,
POTATO UKON GOLD B SIZE #1,SYSCO,IMPERIAL,9903667,CASE,1,50 LB,25.88,7/8/2025,KITCHEN,
POTATO YUKON GOLD C SIZE #1,SYSCO,IMPERIAL,9903675,CASE,1,50 LB,63.31,7/25/2025,KITCHEN,
POWDER BAKING,SYSCO,CLASSIC,7082172,CASE,6,5 LB,12.29,7/28/2025,KITCHEN,
PUMPKIN SEED PEPITAS RAW,SYSCO,CLASSIC,7221968,CASE,1,5 LB,43.31,9/26/2025,KITCHEN,
RICE PARBOILED PERFECT,SYSCO,IMPERIAL,4671350,CASE,1,25 LB,29.95,9/24/2025,KITCHEN,
RINSE AID ADDITIVE SMARTPOWER,SYSCO,ECOLAB,4603308,CASE,2,2.5 LB,215.33,9/9/2025,KITCHEN,
ROLL BRIOCHE LOBSTER CLUSTER 6 INCH,SYSCO,FIREKING BAKING,626618,CASE,7,8 CT,40.48,7/23/2025,KITCHEN,
ROLL DINNER ASSORTED PARBAKED,SYSCO,LA BREA BAKERY,3591054,CASE,96,1.5 OZ,48.38,9/30/2025,KITCHEN,
SALMON ATLANTIC FILLET D SKIN-ON 2-3# CHILEAN,SYSCO,PORTICO,9161597,LB,1,10 LB,8.111,7/18/2025,KITCHEN,
SALSA JALAPENO FIRE ROASTED CA,SYSCO,CASA SOLANA,2724607,CASE,6,#10,56.86,7/18/2025,KITCHEN,
SALT PELLETS WATER SOFTENER,SYSCO,CLASSIC,5982582,CASE,1,50 LB,10.87,7/18/2025,KITCHEN,
SAUCE BARBEQUE ORIGINAL,SYSCO,SWEET BABY RAY'S,3369388,CASE,4,1 GAL,56.59,9/26/2025,KITCHEN,
SAUCE CHILI HOT SRIRACHA,SYSCO,HUY FONG,2451417,CASE,12,28 OZ,59.88,8/27/2025,KITCHEN,
SAUCE MARINARA CHUNKY,SYSCO,FULL-RED,7189296,CASE,6,#10,42.81,9/30/2025,KITCHEN,
SAUCE PESTO BASIL NO NUTS,SYSCO,ARREZZIO,5141502,CASE,6,30 OZ,80.32,7/16/2025,KITCHEN,
SAUCE PLUM,SYSCO,LA CHOY,4215331,CASE,1,1 GAL,23.88,9/26/2025,KITCHEN,
SAUCE STEAK GLASS,SYSCO,A.1. STEAK SAUCE,4007522,CASE,12,10 OZ,69.67,8/29/2025,KITCHEN,
SAUCE TARTAR HIDDEN COVE,SYSCO,IMPERIAL,4096368,CASE,4,1 GAL,18.2,8/26/2025,KITCHEN,
SAUCE WORCESTERSHIRE,SYSCO,LEA & PERRINS,4007852,CASE,24,5 OZ,59.8,7/15/2025,KITCHEN,
SAUSAGE LINKS 1 OZ,SYSCO,JIMMY DEAN,1494079,CASE,1,12 LB,48.39,9/30/2025,KITCHEN,
SAUSAGE PORK PATTIES COOKED MILD 1 OZ,SYSCO,CLASSIC,1589332,CASE,160,1 OZ,46.25,7/11/2025,KITCHEN,
SAUSAGE PORK PATTY WHOLE HOG RAW,SYSCO,IMPERIAL,3755709,CASE,128,1.5 OZ,48,9/23/2025,KITCHEN,
SEAFOOD MIX SENSATIONS,SYSCO,KING & PRINCE SEAFOOD,1059047,CASE,6,2 LB,74.84,9/26/2025,KITCHEN,
SEASONING ORIGINAL RANCH,SYSCO,HIDDEN VALLEY RANCH,2591438,CASE,6,16 OZ,75.55,8/27/2025,KITCHEN,
SESASONING OLD BAY,SYSCO,OLD BAY,7441916,CASE,6,24 OZ,16.52,9/10/2025,KITCHEN,
SHORTENING FRY CANOLA CLEAR ZERO TRANS FAT,SYSCO,CLASSIC,7626013,CASE,1,35 LB,43.48,9/29/2025,KITCHEN,
SHRIMP WHITE PEELED AND DEVEINED TAIL-ON 8/12 COUNT,SYSCO,PORTICO,2614693,CASE,4,2.5 LB,99.26,7/25/2025,KITCHEN,
SNACK BAR GRANOLA VARIETY 3 FLAVOR,SYSCO,NATURE VALLEY,7082091,CASE,1,70 CT,60.28,8/27/2025,KITCHEN,
SPICE NUTMEG GROUND,SYSCO,IMPERIAL,5229067,CASE,6,1 LB,21.28,7/18/2025,KITCHEN,
STEAK RIBEYE SHAVED,SYSCO,STEHOUWER,7392798,CASE,2,4.5 LB,64.84,8/27/2025,KITCHEN,
STEAK SIRLOIN TOP BASEBALL SKINNED,SYSCO,BUCKHEAD PRIDE,5255800,LB,24,8 OZ,20.016,8/22/2025,KITCHEN,
STIRRER PLASTIC STRAW BLACK,SYSCO,CLASSIC,8100982,CASE,1,8000 CT,16.92,8/27/2025,KITCHEN,
STRAW PLASTIC TURANSLUCENT JUMBO WRAPPED 7.75 I,SYSCO,CLASSIC,191567,CASE,24,500 CT,70.69,8/27/2025,KITCHEN,
SUGAR GRANULATED EXTRA FINE CANE,SYSCO,CLASSIC,5087572,CASE,1,25 LB,24.91,9/19/2025,KITCHEN,
SYRUP CHOCOLATE SQUEEZE BOTTLE,SYSCO,HERSHEY,4441457,CASE,24,24 OZ,91.9,9/26/2025,KITCHEN,
SYRUP PANCAKE & WAFFLE,SYSCO,CLASSIC,4186086,CASE,1,1 GAL,52.74,9/19/2025,KITCHEN,
TOAST FRENCH STICK HEAT & SERVE,SYSCO,FARM RICH,1251461,CASE,5,2 LB,34.81,9/29/2025,KITCHEN,
TOMATO RSTD RED WEDGES,SYSCO,ARREZZIO,5224387,CASE,2,4 LB,51.19,8/20/2025,KITCHEN,
TOMATO RSTD YEL WEDGES,SYSCO,ARREZZIO,5224393,CASE,2,4 LB,59.26,7/11/2025,KITCHEN,
"TOMATO, DICED",SYSCO,FULL-RED,5031596,CASE,6,#10,37.7,9/30/2025,KITCHEN,
TOPPING HOT FUDGE MELLOWCREAM 60517,SYSCO,J.HUNGERFORD SMITH,4005211,CASE,6,127 OZ,118.05,7/30/2025,KITCHEN,
TORTILLA FLOUR PRESSED 6 INCHES,SYSCO,CASA SOLANA,2386134,CASE,24,12 CT,41.81,9/16/2025,KITCHEN,
TURKEY BREAST SLICED SMOKED .67 OUNCE,SYSCO,HORMEL,2477081,CASE,6,2 LB,78,10/3/2025,KITCHEN,
TURKEY BREAST SLICED WHOLE MUSCLE,SYSCO,HORMEL,8106833,CASE,6,2 LB,86.39,9/29/2025,KITCHEN,
"VEAL BONE HIND SHANK APPROXIMATELY 4""",SYSCO,BUTCHERS BLOCK RESERVE,7637499,LB,1,50 LB,5.14,9/26/2025,KITCHEN,
VEGETARIAN BLEND SWEET POTATO & ROASTED ROOT VEGETABLES,SYSCO,SUPREME,3617531,CASE,6,2.5 LB,48.98,9/29/2025,KITCHEN,
VINEGAR RICE UNSEASONED NO MSG,SYSCO,JADE MOUNTAIN,5109780,CASE,12,30 OZ,57.69,7/28/2025,KITCHEN,
VINEGAR SHERRY,SYSCO,COLUMELA (DRY),4965503,CASE,6,12.7 OZ,38.6,8/29/2025,KITCHEN,
VINEGAR WHITE DISTILLED 50 GRAIN,SYSCO,CLASSIC,4113049,CASE,4,1 GAL,18.25,7/28/2025,KITCHEN,
YOGURT PLAIN GREEK 5 PERCENT,SYSCO,CHOBANI,8890743,CASE,6,32 OZ,30.68,8/27/2025,KITCHEN,
YOGURT PLAIN GREEK NON-FAT,SYSCO,WHOLESOME FARMS,4360901,CASE,6,2 LB,26.02,8/27/2025,KITCHEN,
YOGURT RASPBERRY & PEACH ORIGINAL,SYSCO,YOPLAIT,5076587,CASE,48,4 OZ,29.74,9/29/2025,KITCHEN,
YOGURT STRAWBERRY & BANANA,SYSCO,YOPLAIT,5076595,CASE,48,4 OZ,29.74,9/29/2025,KITCHEN,
WHITEFISH FILLET SKIN-ON 8-10 OZ,SYSCO,IMPERIAL,7154654,CASE,,,94.95,7/29/2025,KITCHEN,Needs Review
,SYSCO,,4360893,,,,15.66,7/29/2025,KITCHEN,Needs Review
,SYSCO,,1962588,,,,57.94,7/25/2025,KITCHEN,Needs Review
,SYSCO,,8379270,,,,18.63,7/25/2025,KITCHEN,Needs Review
,SYSCO,,2161771,,,,64.11,7/9/2025,KITCHEN,Needs Review
APPETIZER PICKLE CHIPS BREADED,SYSCO,GOLDEN CRISP,8902239,CASE,6,2.5 LB,65.47,8/19/2025,SNACK BAR,
BAMBOO PICK KNOT 4.5 INCH,SYSCO,HANDGARD,3799024,CASE,10,100 CT,27.82,8/8/2025,SNACK BAR,
BEEF PATTY 80/20 ROUND FRESH,SYSCO,FIRE RIVER FARMS,7237013,CASE,42,5.33 OZ,77.66,8/19/2025,SNACK BAR,
BLEACH LIQUID GERMICIDAL ULTRA 6%,SYSCO,CLASSIC,1933074,CASE,6,128 OZ,26.58,8/12/2025,SNACK BAR,
BREAD BAGUETTE DEMI PAR BAKED,SYSCO,ACE BAKERY LTD,5484605,CASE,1,45 CT,34.53,8/19/2025,SNACK BAR,
BUN HAMBURGER GLUTEN FREE INDIVIDUALLY WRAPPED,SYSCO,UDI'S HEALTHY FOODS,758401,CASE,24,1 CT,34.2,8/8/2025,SNACK BAR,
BUN HAMBURGER PLAIN 4.5 WHITE,SYSCO,BAKER'S SOURCE,7223084,CASE,6,12 CT,27.01,8/19/2025,SNACK BAR,
CHEESE AMERICAN 120 SLICE,SYSCO,BLOCK & BARREL,5132234,CASE,4,5 LB,58.31,9/26/2025,KITCHEN,
CHEESE BLUE CRUMBLES,SYSCO,IMPERIAL,671677,CASE,2,5 LB,34.38,7/25/2025,SNACK BAR,
CHEESE CHEDDAR JACK FANCY SHREDDED,SYSCO,CASA SOLANA,2822379,CASE,4,5 LB,57.16,8/19/2025,SNACK BAR,
CHEESE CHEDDAR SHARP SLICED INTERLEAFED .75 YELLOW,SYSCO,BLOCK & BARREL,3554611,CASE,8,1.5 LB,44.26,7/4/2025,SNACK BAR,
CHEESE FETA CRUMBLED,SYSCO,IMPERIAL,135632,CASE,2,5 LB,33.04,8/19/2025,SNACK BAR,
CHEESE MOZZARELLA FRESH LOG SLICED CRYOVAC,SYSCO,ARREZZIO,4099418,CASE,8,1 LB,37.36,9/29/2025,KITCHEN,
CHEESE PARMESAN GRATED,SYSCO,ARREZZIO,7268538,CASE,2,5 LB,42.04,7/25/2025,SNACK BAR,
CHEESE PEPPER JACK SLI .75 OUNCE,SYSCO,GREAT LAKES CHEESE,7256901,CASE,6,1.5 LB,29.55,7/15/2025,SNACK BAR,
CHEESE QUESO QUESADILLA SHRED,SYSCO,PICA Y SALPICA,7223395,CASE,4,5 LB,77.82,8/5/2025,SNACK BAR,
CHEESE STICK MOZZARELLA BATTERED,SYSCO,CLASSIC,4084976,CASE,6,2 LB,61.66,8/19/2025,SNACK BAR,
CHICKEN BREAST BREADED FILETS RAW,SYSCO,CLASSIC,8666192,CASE,40,4 OZ,52.73,7/16/2025,SNACK BAR,
CHICKEN BREAST FAJITA FILETS STRIPS,SYSCO,BRAKEBUSH BROTHERS,3196938,CASE,2,5 LB,56.19,9/16/2025,KITCHEN,
CHICKEN BREAST FILETS GRILLED,SYSCO,TYSON FOODS,1804301,CASE,36,4.5 OZ,72,8/15/2025,SNACK BAR,
CHICKEN TENDERS BREADED GOLDEN FLAT LARGE,SYSCO,CLASSIC,1400464,CASE,2,5 LB,47.91,8/27/2025,SNACK BAR,
CHIP MULTIGRAIN GARDEN SALSA LARGE SINGLE SERVING,SYSCO,SUNCHIP,6799136,CASE,64,1.5 OZ,45.75,8/8/2025,SNACK BAR,
CHIP PITA PARMESAN GARLIC HERB,SYSCO,STACY'S,7160860,CASE,24,1.5 OZ,16.09,8/8/2025,SNACK BAR,
CHIP POTATO REGULAR LARGE SINGLE SERVING,SYSCO,LAYS,6725273,CASE,64,1.5 OZ,45.75,8/19/2025,SNACK BAR,
CHIP TORTILLA YELLOW ROUND,SYSCO,CASA SOLANA,7221908,CASE,30,3 OZ,22.32,8/8/2025,SNACK BAR,
CHIPS POTATO BBQ LARGE SINGLE SERVING,SYSCO,LAYS,6743441,CASE,64,1.5 OZ,45.75,8/15/2025,SNACK BAR,
CHIPS TORTILLA COOL RANCH LARGE SINGLE SERVING,SYSCO,DORITOS (FRITOLAY),6725401,CASE,64,1.75 OZ,45.75,8/12/2025,SNACK BAR,
CLEANER FLOOR SANITIZING WASH N WALK,SYSCO,KEYSTONE PRODUCTS,2514028,CASE,1,2.5 GAL,141.58,7/22/2025,SNACK BAR,
CONE CAKE #30 JACKETED SLEEVE,SYSCO,JOY,6275315,CASE,30,25 CT,97.6,8/12/2025,SNACK BAR,
CONTAINER FOAM ROUND WHITE SQUAT 8 OUNCE,SYSCO,CLASSIC,3291143,CASE,20,50 CT,45.28,7/11/2025,SNACK BAR,
CONTAINER PLASTIC CLEAR HINGED 8 INCH,SYSCO,CLASSIC,2310102,CASE,2,100 CT,53.07,8/27/2025,SNACK BAR,
COOKIE CRUMB OREO MEDIUM CRUNCH,SYSCO,NABISCO,6400051,CASE,4,2.5 LB,13.5,8/12/2025,SNACK BAR,
CRACKER CHEEZ-IT ORIGINAL SNACK,SYSCO,SUNSHINE,5538590,CASE,60,1.5 OZ,28.53,9/29/2025,KITCHEN,
CROISSANT BUTTER CURVED,SYSCO,BAKER'S SOURCE,5221155,CASE,4,12 CT,52.2,8/15/2025,SNACK BAR,
CROUTON SEASONED CUBED PACKET ZERO TRANS FAT,SYSCO,CLASSIC,7762299,CASE,250,.25 OZ,16.72,8/12/2025,SNACK BAR,
CUP FOAM 32 OUNCE PEDESTAL HORIZON,SYSCO,DART CONTAINER,3936754,CASE,25,16 CT,47.17,8/8/2025,SNACK BAR,
CUP PAPER COLD POLY-COATED 20 OUNCE,SYSCO,SYSCO TRENDZ,1993734,CASE,24,50 CT,128.69,8/12/2025,SNACK BAR,
CUP PLASTIC CLEAR RPET SQUAT 9 OUNCE,SYSCO,EARTH PLUS,7473299,CASE,15,65 CT,64.27,7/25/2025,SNACK BAR,
DETERGENT MACHINE SUPER TRUMP,SYSCO,ECOLAB,4350963,CASE,4,1 GAL,49.2,7/8/2025,SNACK BAR,
DIP HUMMUS TRADITIONAL,SYSCO,CLASSIC,9669151,CASE,4,3.75 LB,46.84,9/26/2025,KITCHEN,
DRESSING BLUE CHEESE PACKET,SYSCO,T. MARZETTI,5274964,CASE,120,1.5 OZ,37.78,7/18/2025,SNACK BAR,
DRESSING HONEY MUSTARD DIP CUP,SYSCO,HOUSE RECIPE,7132039,CASE,96,1.5 OZ,27.48,7/25/2025,SNACK BAR,
DRESSING RANCH CUP,SYSCO,T. MARZETTI,4939476,CASE,120,1 OZ,24.09,8/19/2025,SNACK BAR,
DRESSING RANCH HOMESTYLE,SYSCO,KEN'S,5590948,CASE,4,1 GAL,61.14,8/19/2025,SNACK BAR,
DRINK GRAPE FIERCE WIDE-MOUTH,SYSCO,GATORADE,1280239,CASE,24,20 OZ,25.06,8/19/2025,SNACK BAR,
DRINK ORANGE WIDE MOUTH PLASTIC READY TO DRINK,SYSCO,GATORADE,7468556,CASE,24,20 OZ,25.06,7/28/2025,SNACK BAR,
DRINK RASPBERRY COOL BLUE WIDE MOUTH READY TO,SYSCO,GATORADE,7468531,CASE,24,20 OZ,25.06,8/5/2025,SNACK BAR,
GLOVE NITRILE FOODSERVICE POWDER FREE BLACK LA,SYSCO,CLASSIC,4685614,CASE,10,100 CT,66.92,8/11/2025,SNACK BAR,
GLOVE NITRILE FOODSERVICE POWDER FREE BLACK ME,SYSCO,CLASSIC,4685594,CASE,10,100 CT,66.92,9/26/2025,KITCHEN,
GUACAMOLE FRESH SNACK PACK ORIGINAL HIGH PRESSURE PASTEURIZATION,SYSCO,CASA SOLANA,2748719,CASE,36,2 OZ,33.71,7/25/2025,SNACK BAR,
ICE CREAM BAR SUNDAE STRAWBERRY KRUNCH,SYSCO,BLUE RIBBON,2277267,CASE,2,24 CT,24.78,8/19/2025,SNACK BAR,
ICE CREAM SANDWICH CHIPS GALORE,SYSCO,BLUE BUNNY,1595487,CASE,24,4.5 OZ,30.47,8/19/2025,SNACK BAR,
ICE CREAM SANDWICH COOKIES & CREAM,SYSCO,BLUE BUNNY,2109783,CASE,24,4.5 OZ,30.47,8/19/2025,SNACK BAR,
JUICE APPLE 100% PET,SYSCO,CITAVO GROVE,7213726,CASE,24,10 OZ,24.5,7/8/2025,SNACK BAR,
KETCHUP PACKET FANCY,SYSCO,HEINZ,4136768,CASE,1000,9 G,36.24,7/8/2025,SNACK BAR,
KETCHUP PACKET FANCY FOIIL,SYSCO,HOUSE RECIPE,8747859,CASE,1000,9 G,33.06,8/19/2025,SNACK BAR,
"KIT CUTLERY FORK, KNIFE, SPOON/SALT AND PEPPER",SYSCO,CLASSIC,7183963,CASE,1,250 CT,35.39,8/19/2025,SNACK BAR,
LID PLAS 32OZ SLOT VENT,SYSCO,DART CONTAINER,7213494,CASE,10,100 CT,48.78,7/8/2025,SNACK BAR,
LID PLASTIC SLOT FOR24N/32AJ20,SYSCO,DART CONTAINER,5466750,CASE,10,100 CT,30.18,7/18/2025,SNACK BAR,
LINER BASKET GREEN CHECK 12X12,SYSCO,CLASSIC,7273300,CASE,1,2000 CT,67.11,8/11/2025,SNACK BAR,
"LINER TRASH 43""X46""",SYSCO,RELIANCE,1764521,CASE,100,56 GAL,41.64,7/28/2025,SNACK BAR,
MILK CHOCOLATE ULTRA PASTEURIZED PREMIUM,SYSCO,PRAIRIE FARMS DAIRY INC,7184272,CASE,12,14 OZ,15.49,7/29/2025,SNACK BAR,
MILK WHOLE ULTRA HIGH TEMPERATURE,SYSCO,PRAIRIE FARMS DAIRY INC,7214375,CASE,12,14 OZ,14.68,7/16/2025,SNACK BAR,
NAPKIN DISPENSER 13X12 1P NATURAL,SYSCO,EARTH PLUS,7266843,CASE,12,600 CT,72.39,8/12/2025,SNACK BAR,
OIL VEGETABLE PURE,SYSCO,CLASSIC,4119061,CASE,6,1 GAL,11.67,8/11/2025,SNACK BAR,
ONION RING BEER BATTERED THICK CUT,SYSCO,BREW CITY,9394420,CASE,6,2.5 LB,55.42,8/11/2025,SNACK BAR,
"PICKLE REFRIGERATED KOSHER DILL SLICED .25""",SYSCO,CLAUSSEN,1537711,CASE,1,5 GAL,60.45,8/15/2025,SNACK BAR,
PICKLE SLICED SWEET HOTTIES,SYSCO,COOL CRISP,353835,CASE,1,2 GAL,24.95,8/15/2025,SNACK BAR,
PRETZEL TINY TWISTS CLASSIC LARGE SINGLE SERVING,SYSCO,ROLD GOLD,6798845,CASE,64,2OZ,45.75,8/8/2025,SNACK BAR,
SALSA DIPPING CUP 3 OZ,SYSCO,RED GOLD,3363365,CASE,168,3 OZ,74.93,7/18/2025,SNACK BAR,
SANITIZER QUAT SOLID DISPENSER,SYSCO,KEYSTONE PRODUCTS,4461400,CASE,2,2 LB,113.24,9/9/2025,KITCHEN,
SAUCE BARBECUE DIP CUP,SYSCO,HOUSE RECIPE,3132032,CASE,200,1 OZ,28.34,7/23/2025,SNACK BAR,
SAUCE CHOCOLATE DESIGNER,SYSCO,LYONS MAGNUS,3341443,CASE,12,16 OZ,37.13,7/4/2025,SNACK BAR,
SAUCE MARINARA DIPPING CUP,SYSCO,ARREZZIO,7274658,CASE,96,2.5 OZ,41.91,8/11/2025,SNACK BAR,
SAUCE PEPPER CAYENNE RED HOT,SYSCO,FRANK'S REDHOT,7524051,EACH,1,1 GAL,16.48,7/18/2025,SNACK BAR,
SOFT SERVE CHOCOLATE PREMIUM FRESH,SYSCO,PRAIRIE FARMS DAIRY INC,4802007,CASE,2,2.5 GAL,45.93,8/19/2025,SNACK BAR,
SOFT SERVE VANILLA PREMIUM FRESH,SYSCO,PRAIRIE FARMS DAIRY INC,4801983,CASE,2,2.5 GAL,46.1,8/19/2025,SNACK BAR,
SPOON SOUP PLASTIC BLACK HEAVY FULL,SYSCO,IMPERIAL,8199178,CASE,1000,1 CT,61.11,8/12/2025,SNACK BAR,
TEA ICED SWEET WITH LEMON PURE LEAF,SYSCO,LIPTON,2131850,CASE,12,18.5 OZ,20.83,7/8/2025,SNACK BAR,
TOPPING M&M'S PLAIN CHOPPED,SYSCO,TR TOPPER,7217490,CASE,2,5 LB,52.14,8/12/2025,SNACK BAR,
TOPPING STRAWBERRY SLICED,SYSCO,CLASSIC,4925129,CASE,6,#5,14.81,8/12/2025,SNACK BAR,
TOWELETTE MOIST LEMON SCENT 8 INCH X 5 INCH,SYSCO,TRENDZ,834697,CASE,10,100 CT,16.39,7/25/2025,SNACK BAR,
TRAY FOOD PAPER RED PLAID 3 POUND,SYSCO,SYSCO RELIANCE,1998477,CASE,2,250 CT,38.35,8/19/2025,SNACK BAR,
TRAY FOOD PAPER RED PLAID 5 POUND,SYSCO,RELIANCE,1998499,CASE,2,250 CT,54.72,8/19/2025,SNACK BAR,
TRAY PAPER PULP CARRY OUT 4 CUP,SYSCO,EARTH PLUS,3574910,CASE,4,75 CT,58.09,7/25/2025,SNACK BAR,
TUNA WHITE ALBACORE SOLID WATER,SYSCO,PORTICO,8523995,CASE,6,66.5 OZ,129.88,7/16/2025,SNACK BAR,
TURKEY BREAST SLICED OVEN ROASTED .67 OUNCE,SYSCO,BLOCK & BARREL,7094280,CASE,4,2.5 LB,64.52,8/19/2025,SNACK BAR,
WATER SPRING,SYSCO,ICE MOUNTAIN,269688,CASE,24,20 OZ,10.64,7/29/2025,SNACK BAR,
WRAP TORTILLA FLOUR 12 INCH,SYSCO,LA BANDERITA,4049195,CASE,8,12 CT,25.07,8/19/2025,SNACK BAR,
,SYSCO,,4734775,,,,53.38,7/25/2025,SNACK BAR,Needs Review
,SYSCO,,4850223,,,,55.11,7/18/2025,SNACK BAR,Needs Review
ANCHOVY FILLET EASY OPEN TIN IN OLIVE OIL,SYSCO,ARREZZIO,4689212,CASE,1,13 OZ,$19.28 ,8/22/2025,,
APPETIZER CHEESE MACARONI WEDGES BATTERED,SYSCO,IMPERIAL,8270631,CASE,6,3 LB,$97.66 ,8/1/2025,,
APPETIZER PEPPER JALAPENO CREAM CHEESE BREADED,SYSCO,IMPERIAL,7107838,CASE,4,4 LB,$92.67 ,8/11/2025,,
APPETIZER PEPPER JALAPENO CREAM CHEESE OVENABLE,SYSCO,CLASSIC,7055239,CASE,6,2 LB,63.42,9/26/2025,KITCHEN,
APPETIZER TACO CHICKEN MINI,SYSCO,CASA SOLANA,2518785,CASE,4,4 LB,$86.52 ,8/1/2025,,
AVOCADO HASS FRESH CHUNK PULP,SYSCO,CASA SOLANA,8337503,CASE,8,2 LB,$88.55 ,8/6/2025,,
BEAN GREEN TRIMMED,SYSCO,IMPERIAL,1810910,CASE,2,5 LB,31.39,9/12/2025,KITCHEN,
BEAN REFRIED WITH LARD,SYSCO,STOKELY,2281709,CASE,6,#10,45.31,9/19/2025,KITCHEN,
BEANS BLACK WITH CORN FLAME ROASTED FIESTA,SYSCO,SIMPLOT ROASTWORKS,4273470,CASE,6,2.5 LB,$35.66 ,8/12/2025,,
BEEF BRISKET SMOKED WHOLE,SYSCO,CERTIFIED ANGUS BEEF,3575226,LB,2,6.5 LB,12.118,9/17/2025,KITCHEN,
BEEF CORNED SHAVED,SYSCO,GROBBEL,2432144,CASE,4,3 LB,$93.23 ,8/19/2025,,
BEEF FLANK 193,SYSCO,CERTIFIED ANGUS BEEF,8754319,LB,8,10 LB,$12.20 ,8/1/2025,,
BEEF PATTY CHUCK STEAKBURGER ROUND CAB,SYSCO,BUCKHEAD PRIDE,7201482,CASE,42,5.33 OZ,92.37,9/23/2025,KITCHEN,
BEEF ROAST TOP ROUND SLICED,SYSCO,BLOCK & BARREL,1962869,CASE,4,2.5 LB,$102.51 ,8/19/2025,,
"BEEF SIRLOIN TIPS 1"" X 1"" FROZEN",SYSCO,BUCKHEAD PRIDE,3051935,CASE,2, 5 LB ,$60.65 ,8/22/2025,,
BEEF TENDERLOIN CHAIN,SYSCO,BUTCHER'S BLOCK,9460106,LB,6,5 LB,29.936,9/26/2025,KITCHEN,
BLINTZ CHEESE CREPE 3 OZ,SYSCO,IMPERIAL,6996029,CASE,1,96 CT,118.35,9/19/2025,KITCHEN,
BRATWURST 4 PER # NATURAL CASING,SYSCO,CLASSIC,1044429,CASE,40,4 OZ,36.99,9/23/2025,KITCHEN,
BREAD BAGUETTE ARTISAN 23 INCH,SYSCO,BAKER'S SOURCE,7276163,CASE,18,14.1 OZ,$51.15 ,8/20/2025,,
BREAD NAAN TANDOORI TEARDROP,SYSCO,STONEFIRE,5960921,CASE,48,4.4 OZ,44.86,9/29/2025,KITCHEN,
BUN BRAT & SAUSAGE HINGED,SYSCO,BAKER'S SOURCE,7219684,CASE,8,8 CT,35.95,9/23/2025,KITCHEN,
BUN HAMBURGER CLASSIC 4.5,SYSCO,ACE BAKERY LTD,7267452,CASE,8,6 CT,29.27,9/22/2025,KITCHEN,
BUN HAMBURGER ROUND 4 2.1 OZ,SYSCO,BAKER'S SOURCE,7223074,CASE,10,12 CT,37.83,9/23/2025,KITCHEN,
BUN HMBRGR CLS SLIDER 3 INCH,SYSCO,ACE BAKERY LTD,7267449,CASE,6,30 CT,73.5,9/26/2025,KITCHEN,
BUN HOT DOG WHITE 6 HINGED,SYSCO,BAKER'S SOURCE,7223080,CASE,12,12 CT,$35.69 ,8/15/2025,,
BUN KAISER WHITE CORNDST 4.5 SLICED,SYSCO,BAKER'S SOURCE,7223085,CASE,6,12 CT,$33.61 ,8/15/2025,,
BUTTER CLARIFIED 4-5#,SYSCO,WHOLESOME FARMS,3029614,CASE,4,5 LB,$94.69 ,8/22/2025,,
CAKE FUNNEL FRIES,SYSCO,FUNNEL CAKE,6977005,CASE,1,600 CT,$53.47 ,8/15/2025,,
CALAMARI RINGS & TENTACLES DIPPED & DUSTED,SYSCO,TAMPA MAID,5304706,CASE,6,2 LB,129.85,9/30/2025,KITCHEN,
CANDY M&M'S PLAIN BULK,SYSCO,M&M,6080550,CASE,1,25 LB,105.94,9/22/2025,KITCHEN,
CAPERS NONPAREIL IMPORTED,SYSCO,IMPERIAL,5535679,CASE,12,16 OZ,$43.73 ,8/12/2025,,
CEREAL ASSORTED FAVORITE CUP PAK,SYSCO,KELLOGG'S,9234246,CASE,60,EA,$63.25 ,8/4/2025,,
CHEESE CHEDDAR MILD LOAF YELLOW,SYSCO,BLOCK & BARREL,2819098,CASE,2,5 LB,$36.22 ,8/20/2025,,
CHEESE CHEDDAR ORIGINAL SPREAD,SYSCO,WIN SCHULER,7186344,CASE,4,5 LB,$82.29 ,8/13/2025,,
CHEESE COTTAGE SMALL CURD 4%,SYSCO,WHOLESOME FARMS,5020896,CASE,2,5 LB,25.67,9/22/2025,KITCHEN,
CHEESE CREAM LOAF,SYSCO,WHOLESOME FARMS,1012566,CASE,10,3 LB,91.68,9/22/2025,KITCHEN,
CHEESE FETA PAIL,SYSCO,IMPERIAL,9768342,CASE,2,8 LB,50.87,9/17/2025,KITCHEN,
CHEESE GOUDA SMOKED,SYSCO,BLOCK & BARREL,2393049,LB,2,6 LB,4.88,9/5/2025,KITCHEN,
CHEESE HAVARTI WITH DILL,SYSCO,BLOCK & BARREL,2393023,LB,1,9 LB,$4.62 ,8/1/2025,,
CHEESE MONTEREY PEPPER JACK SLICED INTERLEAF,SYSCO,BLOCK & BARREL,3554553,CASE,8,1.5 LB,$43.54 ,8/5/2025,,
CHEESE MOZZARELLA LOW MOISTURE WHOLE MILK MOZZARELLA,SYSCO,SAPUTO FOODS LTD,350880,LB,8,6 LB,2.465,7/11/2025,,
CHEESE PROVOLONE NON-SMOKED SLICED .75 OUNCE,SYSCO,BLOCK & BARREL,3546386,CASE,8,1.5 LB,45.15,9/12/2025,KITCHEN,
CHICKEN 8PIECES BREADED HONEY STUNG PRE-COOKED,SYSCO,TYSON FOODS,4915561,CASE,1,15 LB,$46.87 ,8/15/2025,,
CHICKEN CVP WING WHOLE JUMBO HALAL,SYSCO,SANDERSON FARMS,7753862,CASE,1,40 LB,$92.80 ,8/15/2025,,
CHICKEN POPCORN ALL WHITE BREADED,SYSCO,BRAKEBUSH BROTHERS,3606712,CASE,2,5 LB,$38.07 ,8/4/2025,,
CHIP CORN SCOOP WALKING TACO,SYSCO,FRITOLAY,4940757,CASE,18,3.5 OZ,$28.33 ,8/1/2025,,
CHIP POTATO ORIGINAL KETTLE,SYSCO,BLOCK & BARREL,7221933,CASE,8,16 OZ,34.61,9/19/2025,KITCHEN,
CHIP TORTILLA TRI COLOR PREFRY,SYSCO,CASA SOLANA,9407057,CASE,6,2 LB,51.7,9/26/2025,KITCHEN,
COD ATLANTIC LOIN IQF 4 OUNCE ASIA,SYSCO,PORTICO,7036544,CASE,1,10 LB,111.34,9/23/2025,KITCHEN,
COD BATTERED BEER GUINNESS,SYSCO,HIGHLINER,2942728,CASE,1,10 LB,$84.11 ,8/15/2025,,
CORN DOG ALL MEAT 4 PER # HONEY BATTERED,SYSCO,CLASSIC,1111269,CASE,48,4 OZ,$45.03 ,8/15/2025,,
CORN STARCH,SYSCO,ARGO,4032991,CASE,24,1 LB,38.68,9/30/2025,KITCHEN,
CRACKER GOLDFISH WHOLE GRAIN,SYSCO,PEPPERIDGE FARM,6599405,CASE,300,0.75 OZ,$68.85 ,8/5/2025,,
CREAM SOUR PURE CUP GRADE A,SYSCO,WHOLESOME FARMS,5031836,CASE,100,1 OZ,$17.22 ,8/1/2025,,
CREAMER COFFEE CITAVO NON DAIRY ORIGINAL,SYSCO,CITAVO,7100285,CASE,384,9 ML,20.14,9/30/2025,KITCHEN,
DIP SPINACH ARTICHOKE,SYSCO,CLASSIC,4129340,CASE,4,5 LB,66.31,9/26/2025,KITCHEN,
DOUGH PASTRY PUFF SQUARE 5X5,SYSCO,BAKER'S SOURCE,7198010,CASE,120,2 OZ,$63.68 ,8/13/2025,,
DRESSING ASIAN SESAME,SYSCO,MARZETTI,3630324,CASE,4,1 GAL,$68.35 ,8/11/2025,,
DRESSING BALSAMIC VINAIGRETTE,SYSCO,KEN'S,7872328,CASE,4,1 GAL,58.1,9/10/2025,KITCHEN,
DRESSING CILANTRO VINAIGRETTE,SYSCO,IMPERIAL,9591264,CASE,2,1 GAL,31.92,9/29/2025,KITCHEN,
DRESSING GREEK FETA CHEESE,SYSCO,IMPERIAL,6475719,CASE,2,1 GAL,$57.33 ,8/19/2025,,
DRESSING HONEY MUSTARD DIJON,SYSCO,RELIANCE,8763898,CASE,4,1 GAL,75.88,9/23/2025,KITCHEN,
DUCK BREAST,SYSCO,MAPLE LEAF,7174697,LB,24,8 OZ,18.101,9/23/2025,KITCHEN,
GARLIC PEELED FRESH,SYSCO,IMPERIAL,1824537,CASE,1,5 LB,$43.60 ,8/1/2025,,
GRAPEFRUIT SECTION LT SYRUP,SYSCO,CLASSIC,2527836,CASE,1,8 LB,24.76,9/9/2025,KITCHEN,
HALIBUT FILLET SKIN-ON,SYSCO,PORTICO,2954772,LB,1,5 LB,21.116,9/16/2025,KITCHEN,
HAM PITT BONELESS FULLY COOKED,SYSCO,DEARBORN SAUSAGE,7401391,LB,3,15 LB,4.012,9/10/2025,KITCHEN,
HAM SMOKED SLICED .67 OUNCE,SYSCO,BLOCK & BARREL,1962976,CASE,4,2.5 LB,51.17,9/26/2025,KITCHEN,
HORSERADISH WHITE PREPARED,SYSCO,CLASSIC,9869108,CASE,6,32 OZ,$42.27 ,8/22/2025,,
ICE CREAM MOOSE TRACKS,SYSCO,HOUSE OF FLAVORS,2589018,CASE,1,3 GAL,$31.80 ,8/8/2025,,
ICE CREAM SORBETO RASPBERRY,SYSCO,HOUSE OF FLAVORS,7015506,CASE,1,3 GAL,$27.80 ,8/12/2025,,
ICE CREAM VANILLA BEAN,SYSCO,ASHBY'S,2727519,CASE,1,3 GAL,37.16,9/12/2025,BAKERY,
JUICE APPLE 100% ASEPTIC,SYSCO,CITAVO,6050116,CASE,12,46 OZ,$38.68 ,8/22/2025,,
JUICE GRAPEFRUIT 100% ASEPTIC,SYSCO,CITAVO,6050165,CASE,12,46 OZ,$53.32 ,8/22/2025,,
JUICE ORANGE,SYSCO,NATALIE'S,7302905,CASE,6,56 OZ,42.92,9/5/2025,KITCHEN,
JUICE PINEAPPLE 100% ASEPTIC,SYSCO,CITAVO,6050140,CASE,12,46 OZ,$45.28 ,8/22/2025,,
JUICE TOMATO,SYSCO,SACRAMENTO,393294,CASE,8,46 OZ,18.15,9/30/2025,KITCHEN,
KETCHUP FANCY,SYSCO,HOUSE RECIPE,5686266,CASE,6,#10,$46.67 ,8/20/2025,,
LOBSTER BODIES FROZEN,SYSCO,IMPERIAL,3011479,CASE,1,25 LB,$53.46 ,8/20/2025,,
MUSTARD FRENCH WHOLE GRAIN IN TIN,SYSCO,IMPERIAL,4064986,CASE,1,8.6 LB,$22.53 ,8/20/2025,,
MUSTARD YELLOW PREPARED,SYSCO,CLASSIC,4006797,CASE,1,1 GAL,$7.88 ,8/20/2025,,
NUT PISTACHIO RAW,SYSCO,CAPITOL,5529318,CASE,1,5 LB,$73.77 ,8/13/2025,,
OLIVES GREEN QUEEN PITTED 100/120 CT,SYSCO,IMPERIAL,7097100,CASE,1,1 GAL,43.57,9/26/2025,KITCHEN,
ONION RING TANGLERS FLOUR BREADED,SYSCO,MOORES,9474859,CASE,6,2 LB,$44.35 ,8/15/2025,,
PASTA PENNE RIGATE,SYSCO,BARILLA ITALIAN PASTA,7967946,CASE,2,10 LB,25,9/30/2025,KITCHEN,
PASTA RAVIOLI CHEESE SQUARE,SYSCO,ARREZZIO,7267052,CASE,3,3 LB,29.15,9/30/2025,KITCHEN,
PASTA SHELLS MEDIUM,SYSCO,PASTA LABELLA,4786943,CASE,2,10 LB,$26.31 ,8/20/2025,,
PATTY VEGETABLE BLACK BEAN SPICY,SYSCO,MORNINGSTAR FARMS,6196026,CASE,48,3.25 OZ,$69.49 ,8/15/2025,,
PECAN HALVES MEDIUM FANCY RAW,SYSCO,CLASSIC,7078389,CASE,1,5 LB,60.6,9/26/2025,KITCHEN,
PERCH FILLET YELLOW SPLIT MEDIUM,SYSCO,PORTICO,7154725,CASE,1,11 LB,$150.53 ,8/8/2025,,
PICKLE WHOLE KOSHER 60/65 CT,SYSCO,BLOCK & BARREL,5287194,CASE,1,5 GAL,32.07,9/9/2025,KITCHEN,
"POTATO FRY 3/8""",SYSCO,IMPERIAL,2032935,CASE,6,5 LB,$54.65 ,8/5/2025,,
POTATO FRY SKIN-ON WAFFLE,SYSCO,IMPERIAL,2000139,CASE,6,4.5 LB,$50.48 ,8/4/2025,,
POTATO HASH BROWN SIDE O BROWN 2.25 OZ,SYSCO,LAMB SUPREME,1257734,CASE,12,20 CT,83.51,9/29/2025,KITCHEN,
POTATO RED C-SIZE,SYSCO,IMPERIAL,8486896,CASE,1,50 LB,$34.61 ,8/5/2025,,
POTATO SLICED COOKED RUSSET SKINLESS,SYSCO,CLASSIC,3009697,CASE,2,10 LB,21.74,9/30/2025,KITCHEN,
PRETZEL TINY TWIST CLASSIC,SYSCO,ROLD GOLD,8083164,CASE,88,1 OZ,40.83,9/26/2025,KITCHEN,
RICE ARBORIO ITALIAN SUPERFINO,SYSCO,ARREZZIO,2145985,CASE,10,1 KG,65.44,9/26/2025,KITCHEN,
RICE JASMINE,SYSCO,JADE MOUNTAIN,9689688,CASE,1,25 LB,33.02,9/19/2025,KITCHEN,
SALMON FILLET BAY OF FUNDY,SYSCO,PORTICO,1039690,LB,1,10 LB,$8.50 ,8/11/2025,,
SALSA CHUNKY MILD AUTHENTIC,SYSCO,CASA SOLANA,7775693,CASE,4,135 OZ,$78.39 ,8/19/2025,,
SALSA JALAPENO FIRE ROASTED DICED,SYSCO,CASA SOLANA,7143211,CASE,6,#10,54.1,9/19/2025,KITCHEN,
SALT KOSHER FLAKE COARSE,SYSCO,CLASSIC,6040760,CASE,12,3 LB,55.57,9/19/2025,KITCHEN,
SANDWICH PEANUT BTR&STW WHEAT,SYSCO,UNCRUSTABLES,7250713,CASE,48,2.6 OZ,$44.38 ,8/1/2025,,
SAUCE CHILI SWEET THAI,SYSCO,MAE PLOY,1901992,CASE,12,32 OZ,$59.25 ,8/8/2025,,
SAUCE PEPPER CAYENNE RED HOT,SYSCO,FRANK'S REDHOT,4096418,CASE,24,5 OZ,$28.30 ,8/5/2025,,
SHALLOT FRESH,SYSCO,IMPERIAL,9582545,CASE,1,5 LB,$22.15 ,8/1/2025,,
"SHELL TACO YELLOW REGULAR 5""",SYSCO,MISSION FOODS,9887902,CASE,8,25 CT,21.17,9/30/2025,KITCHEN,
SHERBET RAINBOW,SYSCO,HOUSE OF FLAVORS,2588861,CASE,1,3 GAL,$20.88 ,8/15/2025,,
SHRIMP WHITE PEELED AND DEVEINED TAIL-OFF 51/60,SYSCO,PORTICO,7952526,CASE,4,2.5 LB,$53.47 ,8/20/2025,,
SHRIMP WHITE PEELED AND DEVEINED TAIL-ON 16/20,SYSCO,PORTICO,5107525,CASE,4,2.5 LB,69.23,9/26/2025,KITCHEN,
SNACK BAR RICE KRISPIES TREAT,SYSCO,KELLOGG'S,6092714,CASE,6,16 CT,$29.70 ,8/1/2025,,
SNACK FRUIT SCOOBY-DOO SHAPE,SYSCO,GENERAL MILLS,4673687,CASE,96,0.9 OZ,$34.22 ,8/5/2025,,
STEAK SIRLOIN TOP CENTER CUT 1/4 INCH CHOICE,SYSCO,BUCKHEAD PRIDE,6012613,LB,28,6 OZ,$8.58 ,8/15/2025,,
SUNFLOWER KERNEL OIL ROASTED SALTED,SYSCO,CLASSIC,4888293,CASE,1,5 LB,21.58,9/26/2025,KITCHEN,
TEA BAG ICED 1 OZ,SYSCO,LIPTON,4046264,CASE,4,24 CT,$30.13 ,8/1/2025,,
TEA HOT CHAMOMILE ROSE FILTER BAG US,SYSCO,TEAVANA,7068326,CASE,6,24 CT,$32.39 ,8/4/2025,,
TEA HOT EARL GREY FILTER BAG US,SYSCO,TEAVANA,7068321,CASE,6,24 CT,$32.39 ,8/4/2025,,
TEA HOT ENGLISH BREAKFAST FILTER BAG US,SYSCO,TEAVANA,7068336,CASE,6,24 CT,$32.39 ,8/4/2025,,
TEA HOT GREEN RADIANT FILTER BAG,SYSCO,TEAVANA,7068322,CASE,6,24 CT,$32.39 ,8/4/2025,,
TEA HOT MINT HARMONIC FILTER BAG,SYSCO,TEAVANA,7068348,CASE,6,24 CT,$32.39 ,8/4/2025,,
TOFU EXTRA FIRM CHINESE,SYSCO,HOUSE FOODS,5188131,CASE,12,12 OZ,19.1,9/29/2025,KITCHEN,
TOMATO DICED,SYSCO,FULL-RED,5031596,CASE,6,#10,$33.51 ,8/1/2025,,
TOMATO DICED 3/8 SALSA STYLE,SYSCO,CASA SOLANA,4978906,CASE,6,#10,$43.50 ,8/1/2025,,
TOMATO WHOLE PEELED SAN MARZANO,SYSCO,CARMELINA,9280371,CASE,6,91 OZ,$66.40 ,8/20/2025,,
TOPPING CARAMEL READY TO USE,SYSCO,CLASSIC,4821591,CASE,6,#5,$50.13 ,8/22/2025,,
TORTELLINI TRICOLOR CHEESE,SYSCO,PERFECT PASTA,7249796,CASE,2,5 LB,$36.42 ,8/20/2025,,
TORTILLA CORN WHITE FRYING 6 INCHES,SYSCO,CASA SOLANA,4219705,CASE,12,60 CT,$44.13 ,8/8/2025,,
TURKEY BREAST BONELESS RAW BAG 15%,SYSCO,PREMIUM,1782788,LB,2,9 LB,$4.50 ,8/22/2025,,
VINEGAR APPLE CIDER 50 GRAIN,SYSCO,CLASSIC,4069373,CASE,4,1 GAL,$37.22 ,8/19/2025,,
WALNUT HALVES AND PIECES,SYSCO,CAPITAL FOOD CO.,1438804,CASE,2,2.5 LB,$32.75 ,8/1/2025,,
WATER BOTTLED DRINKING,SYSCO,NIAGARA,9901029,CASE,40,16.9 OZ,$12.26 ,8/4/2025,,
WHITEFISH FILLET 10-12 OZ,SYSCO,IMPERIAL,1051339,CASE,1,10 LB,$81.06 ,8/18/2025,,
WRAP TORTILLA FLOUR 12 INCH,SYSCO,CLASSIC,2250581,CASE,6,12 CT,$20.92 ,8/6/2025,,
COFFEE BEAN DECAF DINER'S,VANEERDEN,PARAMOUNT,36691,CASE,2,5 LB,$110.22 ,8/21/2025,KITCHEN,
PICKLE CHIP SWEET HOTTIE,VANEERDEN,COOL CRISP,55417,CASE,2,1 GAL,$24.84 ,8/21/2025,KITCHEN,
CHICKEN BREAST BREADED PRECOOKED CRISPY,SYSCO,TYSON RED LABEL,8402170,CASE,46,3.5 OZ,33.67,9/30/2025,KITCHEN,
PASTA GEMELLI,SYSCO,BARILLA ITALIAN PASTA,8085888,CASE,2,10 LB,27.65,9/30/2025,KITCHEN,
SHRIMP PEELED&DEVEINED WHITE RAW 8/12 TAIL ON,SYSCO,PACKER,7190863,CASE,5,2 LB,103.47,9/30/2025,KITCHEN,
TURKEY BREAST BONELESS RAW FOIL 32%,SYSCO,CLASSIC,4347126,LB,2,9 LB,4.214,9/30/2025,KITCHEN,
EGG WHITE SUPER WHIPPED,SYSCO,WHOLESOME FARMS,1394618,CASE,6,5 LB,54.81,9/30/2025,KITCHEN,
"TORTILLA FLOUR PRESSED 6""",SYSCO,CASA SOLANA,2272575,CASE,24,12 CT,26.17,9/30/2025,KITCHEN,
ENTREE LASAGNA MEAT,SYSCO,STOUFFER,1013986,CASE,4,6 LB,101.23,9/30/2025,KITCHEN,
EGGPLANT CUTLET BREADED,SYSCO,BERNARDI,6451611,CASE,1,10 LB,48.45,9/30/2025,KITCHEN,
BREAD BAGUETTE CRUSTY PARBAKED,SYSCO,SIGNATURE FOODS,5860097,CASE,25,8.75 OZ,36.65,9/30/2025,KITCHEN,
PORK LOIN BONELESS CENTER-CUT STRAP-OFF,SYSCO,BUTCHER'S BLOCK,5812296,LB,2,8 LB,2.38,9/29/2025,KITCHEN,
COVER BUN PAN RACK HIGH DENSITY 52 X 80 15 MICRON,SYSCO,CLASSIC,5854377,CASE,1,50 CT,24.61,9/29/2025,KITCHEN,
CIDER APPLE FRESH MICHIGAN,SYSCO,MICHIGAN GROWN PRODUCE,6671925,CASE,4,1 GAL,30,9/26/2025,KITCHEN,
"CAKE SHEET CHOCOLATE DOUBLE 12""X16""",SYSCO,CLASSIC,8728240,CASE,4,74 OZ,64.88,9/26/2025,BAKERY,
MUSTARD BROWN SPICY,SYSCO,CLASSIC,4713802,EACH,1,1 GAL,8.07,9/26/2025,KITCHEN,
CAKE SHEET CARROT 12 INCHES X 16 INCHES,SYSCO,CLASSIC,8727881,CASE,4,96 OZ,81.33,9/26/2025,BAKERY,
DOUGH ROLL CINNAMON PETITE,SYSCO,RICH'S PRODUCTS CORP,1069749,CASE,240,1.25 OZ,43.53,9/26/2025,BAKERY,
CAKE LEMON ITALIAN CREAM 12 SLICES,SYSCO,DIANNE'S GOURMET DESSERTS,3204791,CASE,2,66 OZ,75.78,9/26/2025,BAKERY,
MIX MUFFIN CORN COMPLETE,SYSCO,BAKER'S SOURCE,5912282,CASE,6,5 LB,70.39,9/26/2025,BAKERY,
BRATWURST SMOKED BACON CHEDDAR,SYSCO,NUESKE'S,7013658,CASE,12,1 LB,74.25,9/26/2025,KITCHEN,
SAUSAGE KNACKWURST COOKED 4X1,SYSCO,SCHALLER & WEBBER,7030509,LB,4,3 LB,7.173,9/26/2025,KITCHEN,
SAUSAGE PORK GERMAN,SYSCO,PILLERS (MEAT),1669314,LB,2,2.5 LB,8.989,9/26/2025,KITCHEN,
BEEF PATTY 80/20 CHUCK STEAKBURGER WIDE CAB,SYSCO,BUCKHEAD PRIDE,7201497,CASE,80,8 OZ,92.48,9/26/2025,KITCHEN,
SNACK MIX ORIGINAL SNAK-ENS,SYSCO,GARDETTO'S,5660816,CASE,1,10 LB,36.17,9/26/2025,KITCHEN,
SAUSAGE LANDJAEGER NATURAL,SYSCO,NUESKE'S,1439492,CASE,12,6 OZ,104.28,9/26/2025,KITCHEN,
SHRIMP BREADED BUTTERFLIED CLEANED WITH TAIL 21-25 PER # ASIA,SYSCO,PORTICO,5670290,CASE,4,3 LB,68.69,9/26/2025,KITCHEN,
DUMPLING SPAETZLE PRECOOKED FROZEN,SYSCO,T. MARZETTI,1541176,CASE,4,3 LB,29.69,9/26/2025,KITCHEN,
ROLL DINNER WHOLE WHEAT BAKED 1.5 OZ,SYSCO,ROTELLA,1429737,CASE,8,12 CT,31.14,9/26/2025,KITCHEN,
PIEROGI POTATO CHEESE,SYSCO,TURRIS ITALIAN FOODS,268736,CASE,2,6 LB,45.42,9/26/2025,KITCHEN,
PASTA GNOCHHI POTATO,SYSCO,PERFECT PASTA,7253510,CASE,2,5 LB,36.13,9/26/2025,KITCHEN,
PASTA GNOCCHI CHEESE,SYSCO,ARREZZIO,7265421,CASE,2,5 LB,38.33,9/26/2025,KITCHEN,
SAUERKRAUT SHREDDED FANCY,SYSCO,IMPERIAL,4189171,CASE,6,#10,50.91,9/24/2025,KITCHEN,
RICE BROWN PARBOILED WHOLE GRAIN QUICK COOK,SYSCO,IMPERIAL,3939380,CASE,1,25 LB,19.48,9/24/2025,KITCHEN,
PASTA TORTELLONI 4 CHEESE GLUTEN FREE,SYSCO,ARREZZIO,7188875,CASE,1,10 LB,63.91,9/24/2025,KITCHEN,
BEEF ROUND INSIDE TOP SPLIT & TIED CHOICE 1,SYSCO,BUTCHER'S BLOCK,1111913,LB,2,10 LB,6.22,9/24/2025,KITCHEN,
DOUGH PUFF PASTRY SLAB 10X15,SYSCO,BAKER'S SOURCE,7198009,CASE,20,12 OZ,64.25,9/24/2025,BAKERY,
DESSERT BAR LEMON,SYSCO,IMPERIAL,4689394,CASE,3,102 OZ,88.69,9/24/2025,BAKERY,
"CAKE COFFEE ASSORTMENT 10""",SYSCO,CLASSIC,4423950,CASE,4,54 OZ,96.88,9/24/2025,BAKERY,
VINEGAR BALSAMIC ITALY,SYSCO,ARREZZIO,5889654,CASE,2,5 LTR,41.85,9/23/2025,KITCHEN,
MEATBALL BEEF COOKED .5 OZ,SYSCO,FONTANINI,6661948,CASE,2,5 LB,60.9,9/23/2025,KITCHEN,
APPLESAUCE IN JUICE UNSWEETENED CUP,SYSCO,CLASSIC,1484106,CASE,72,4 OZ,36.7,9/22/2025,KITCHEN,
EGG YOLK LIQUID FRESH,SYSCO,PAPETTI'S,1777309,CASE,15,2 LB,63.31,9/22/2025,KITCHEN,
SALMON ATLANTIC SMOKED SLICED FILLET USA,SYSCO,PORTICO,3352820,LB,2,2.5 LB,13.685,9/19/2025,KITCHEN,
CAKE CHOCOLATE TORTE FLOURLESS,SYSCO,SWEET STREET,865275,CASE,2,"10""",65.34,9/19/2025,BAKERY,
BREAD MARBLE RYE DETROIT 5/8 INCH SLICED,SYSCO,MICHIGAN BREAD,4622330,CASE,4,48 OZ,30.78,9/19/2025,BAKERY,
"PIE SHELL UNBAKED 9""",SYSCO,WICK'S,1181627,CASE,18,9 IN,29.2,9/19/2025,BAKERY,
DOUGH COOKIE CHOCOLATE CHUNK,SYSCO,DAVID'S COOKIES,2572436,CASE,213,1.5 OZ,72.91,9/19/2025,BAKERY,
VINEGAR RED WINE 50 GRAIN,SYSCO,CLASSIC,4113056,CASE,4,1 GAL,40.57,9/19/2025,KITCHEN,
PEPPER PIQUANTE SWEET WHOLE MILD,SYSCO,PEPPADEW,304259,CASE,2,105 OZ,50.95,9/19/2025,KITCHEN,
SUGAR EXTRA FINE GRANULAR PACKET,SYSCO,CLASSIC,4000899,CASE,2000,.1 OZ,17.15,9/17/2025,KITCHEN,
DOUGH ROLL CINNAMON TWIRL,SYSCO,PILLSBURY BAKERIES,9233107,CASE,100,5 OZ,74.44,9/17/2025,BAKERY,
CHEESECAKE RASPBERRY WHITE CHOCOLATE,SYSCO,SWEET STREET,5174230,CASE,2,87 OZ,86.49,9/17/2025,BAKERY,
BREAD TEXAS TOAST WHITE SLICED,SYSCO,BAKER'S SOURCE,2452211,CASE,10,24 OZ,35.06,9/15/2025,KITCHEN,
SHALLOT PEELED FRESH,SYSCO,IMPERIAL,1821529,EACH,1,5 LB,33.76,9/15/2025,KITCHEN,
MEATBALL BEEF ITALIAN STYLE .5 OZ,SYSCO,ARREZZIO,7836562,CASE,2,5 LB,56.76,9/15/2025,KITCHEN,
OIL SESAME SEED PURE,SYSCO,LEE KUM KEE,4899373,EACH,1,1 GAL,52.64,9/15/2025,KITCHEN,
SUGAR SUBSTITUTE PACKET PINK,SYSCO,SWEET & LOW,2326140,CASE,1,3000 CT,28.98,9/15/2025,KITCHEN,
ALMOND NAUTRAL SLICED,SYSCO,CLASSIC,4645412,CASE,3,2 LB,63.93,9/12/2025,BAKERY,
JUICE ORANGE FRESH,SYSCO,ORCHID ISLAND,3148681,CASE,4,1 GAL,61.27,9/12/2025,KITCHEN,
BREAD CINNAMON SWIRL .75 INCH,SYSCO,BUN BASKET,2159994,CASE,10,18 OZ,47.81,9/12/2025,BAKERY,
CHEESE BRIE TIN DANISH,SYSCO,FRIENDSHIP CHEESES,8646038,CASE,12,4.5 OZ,39.15,9/12/2025,KITCHEN,
RICE BASMATI INTNL BENS,SYSCO,BEN'S ORIGINAL MCW RICE,7191045,CASE,2,5 LB,27.67,9/12/2025,KITCHEN,
SAUSAGE BULK ITALIAN MEDIUM HOT RAW,SYSCO,GRECO & SONS,7188787,CASE,2,10 LB,63.73,9/12/2025,KITCHEN,
APPETIZER SCALLOP BACON,SYSCO,PREMIUM,1237056,CASE,4,25 CT,128.13,9/12/2025,KITCHEN,
PRETZEL BAVARIAN BRAUHAUS BAKED,SYSCO,BRAUHAUS,4675584,CASE,12,10 OZ,37.49,9/10/2025,KITCHEN,
BREAD WHITE SOFT SANDWICH GLUTEN FREE,SYSCO,UDI'S HEALTHY FOODS,7040539,CASE,6,24 OZ,60.52,9/10/2025,KITCHEN,
TUNA YELLOWFIN SAKU 8-10 OUNCE INDONESIA,SYSCO,EMPEROR'S CHOICE (SEAFOOD),4434235,CASE,1,10 LB,133.03,9/10/2025,KITCHEN,
SAUCE TABASCO HOT,SYSCO,TABASCO,5102736,CASE,12,5 OZ,37.25,9/10/2025,KITCHEN,
COCONUT SHREDDED MEDIUM,SYSCO,CLASSIC,4510863,CASE,1,10 LB,27.51,9/10/2025,BAKERY,
CAKE ANGEL FOOD,SYSCO,SARA LEE,3019866,CASE,6,22 OZ,42.47,9/10/2025,BAKERY,
WALNUT HALVES & PIECES,SYSCO,CLASSIC,4888574,CASE,1,5 LB,60.01,9/9/2025,KITCHEN,
PEANUT DRY ROASTED SALTED BLANCHED,SYSCO,CLASSIC,4645438,CASE,3,2 LB,29.31,9/9/2025,KITCHEN,
PASTA PENNE RIGATE HEAVY WALL,SYSCO,PASTA LABELLA,4560967,CASE,2,10 LB,30.06,9/9/2025,KITCHEN,
TIE TWIST BAG WHITE 4 INCH,SYSCO,PACKER,8364341,CASE,1,2000 CT,52.38,9/9/2025,BAKERY,
MLIK COCONUT THAI KITCHEN CAN,SYSCO,THAI KITCHEN,7027820,EACH,1,96 OZ,23.27,9/9/2025,KITCHEN,
CHEESE COJITA QUESO GRATED,SYSCO,SUPREMO,7027846,CASE,6,2.2 LB,88.85,9/9/2025,KITCHEN,
BEAN GREAT NORTHERN,SYSCO,CLASSIC,4062360,CASE,6,#10,36.3,9/9/2025,KITCHEN,
"PAD SCOUR EXTRA-HEAVY NYLON 3.5"" X 6"" BLUE",SYSCO,SUPPLIES,5793922,CASE,1,20 CT,10.31,9/5/2025,KITCHEN,
CLOTH CHEESE REGULAR WEIGHT 36 INCH,SYSCO,CLASSIC,6410898,CASE,1,60 YD,73.01,9/5/2025,KITCHEN,
CHOCOLATE DARK CALLETS 53.1%,SYSCO,CALLEBAUT,1852981,CASE,1,10 KG,258.58,9/5/2025,BAKERY,
BREADSTICK GARLIC,SYSCO,BAKER'S SOURCE,7113567,CASE,120,1.75 OZ,38.51,9/5/2025,BAKERY,
CHEESE PEPPER JACK LOAF,SYSCO,BLOCK & BARREL,7016363,CASE,2,5 LB,35.85,9/5/2025,KITCHEN,
CHEESE CUBE COLBY JACK,SYSCO,SCHREIBER FOODS,7276532,CASE,4,5 LB,71.85,9/5/2025,KITCHEN,
CHEESE CHEDDAR WHITE SHARP MICHIGAN,SYSCO,FARM COUNTRY,605950,LB,2,5 LB,8.143,9/5/2025,KITCHEN,
SALAMI SPRESSATA MILD SMALL,SYSCO,MASTRO SALAMI,7188685,LB,4,3 LB,7.995,9/5/2025,KITCHEN,
ICE CREAM BLUE MOON,SYSCO,PACKER,2099315,EACH,1,3 GAL,25.85,9/5/2025,KITCHEN,
